This is pdfTeX, Version 3.141592653-2.6-1.40.28 (MiKTeX 25.12) (preloaded format=pdflatex 2026.6.4)  6 JUN 2026 11:43
entering extended mode
 restricted \write18 enabled.
 %&-line parsing enabled.
**./main.tex
(main.tex
LaTeX2e <2025-11-01>
L3 programming layer <2025-12-24>
(C:\Users\ghofr\AppData\Local\Programs\MiKTeX\tex/latex/base\report.cls
Document Class: report 2025/01/22 v1.4n Standard LaTeX document class
(C:\Users\ghofr\AppData\Local\Programs\MiKTeX\tex/latex/base\size12.clo
File: size12.clo 2025/01/22 v1.4n Standard LaTeX file (size option)
)
\c@part=\count275
\c@chapter=\count276
\c@section=\count277
\c@subsection=\count278
\c@subsubsection=\count279
\c@paragraph=\count280
\c@subparagraph=\count281
\c@figure=\count282
\c@table=\count283
\abovecaptionskip=\skip49
\belowcaptionskip=\skip50
\bibindent=\dimen148
)
(C:\Users\ghofr\AppData\Local\Programs\MiKTeX\tex/latex/base\inputenc.sty
Package: inputenc 2024/02/08 v1.3d Input encoding file
\inpenc@prehook=\toks17
\inpenc@posthook=\toks18
)
(C:\Users\ghofr\AppData\Local\Programs\MiKTeX\tex/latex/base\fontenc.sty
Package: fontenc 2025/07/18 v2.1d Standard LaTeX package
)
(C:\Users\ghofr\AppData\Local\Programs\MiKTeX\tex/generic/babel\babel.sty
Package: babel 2025/12/11 v25.17 The multilingual framework for LuaLaTeX, pdfLa
TeX and XeLaTeX
\babel@savecnt=\count284
LaTeX Encoding Info:    Redeclaring text command \ij (encoding OT1) on input li
ne 2068.
LaTeX Encoding Info:    Redeclaring text command \IJ (encoding OT1) on input li
ne 2070.
LaTeX Encoding Info:    Redeclaring text command \ij (encoding T1) on input lin
e 2072.
LaTeX Encoding Info:    Redeclaring text command \IJ (encoding T1) on input lin
e 2073.
LaTeX Encoding Info:    Ignoring declaration for text command \ij (encoding ?) 
on input line 2074.
LaTeX Encoding Info:    Ignoring declaration for text command \IJ (encoding ?) 
on input line 2076.
LaTeX Encoding Info:    Ignoring declaration for text command \SS (encoding ?) 
on input line 2101.
\U@D=\dimen149
\l@unhyphenated=\language79

(C:\Users\ghofr\AppData\Local\Programs\MiKTeX\tex/generic/babel\txtbabel.def)
\bbl@readstream=\read2
\bbl@dirlevel=\count285
Package babel Info: Configuration files are deprecated, as
(babel)             they can break document portability.
(babel)             Reported on input line 4196.

*************************************
* Local config file bblopts.cfg used
*
(C:\Users\ghofr\AppData\Local\Programs\MiKTeX\tex/latex/arabi\bblopts.cfg
File: bblopts.cfg 2005/09/08 v0.1 add Arabic and Farsi to "declared" options of
 babel
)
(C:\Users\ghofr\AppData\Local\Programs\MiKTeX\tex/generic/babel/locale/fr\babel
-french.tex)
Package babel Info: Importing font and identification data for french
(babel)             from babel-fr.ini. Reported on input line 4320.

(C:\Users\ghofr\AppData\Local\Programs\MiKTeX\tex/generic/babel-french\french.l
df
Language: french 2025-08-15 v4.0e French support from the babel system

(C:\Users\ghofr\AppData\Local\Programs\MiKTeX\tex/generic/babel-french\french3.
ldf
Language: french 2025-08-15 v3.7e French support from the babel system
\FB@stdchar=\count286
Package babel Info: Making : an active character on input line 273.
Package babel Info: Making ; an active character on input line 274.
Package babel Info: Making ! an active character on input line 275.
Package babel Info: Making ? an active character on input line 276.
\FBguill@level=\count287
\FBold@everypar=\toks19
\FB@Mht=\dimen150
\mc@charclass=\count288
\mc@charfam=\count289
\mc@charslot=\count290
\std@mcc=\count291
\dec@mcc=\count292
\FB@pardim=\dimen151
\listindentFB=\dimen152
\descindentFB=\dimen153
\labelindentFB=\dimen154
\labelwidthFB=\dimen155
\leftmarginFB=\dimen156
\parindentFFN=\dimen157
\FBfnindent=\dimen158
)))
(C:\Users\ghofr\AppData\Local\Programs\MiKTeX\tex/latex/carlisle\scalefnt.sty)
(C:\Users\ghofr\AppData\Local\Programs\MiKTeX\tex/latex/graphics\graphicx.sty
Package: graphicx 2024/12/31 v1.2e Enhanced LaTeX Graphics (DPC,SPQR)

(C:\Users\ghofr\AppData\Local\Programs\MiKTeX\tex/latex/graphics\keyval.sty
Package: keyval 2022/05/29 v1.15 key=value parser (DPC)
\KV@toks@=\toks20
)
(C:\Users\ghofr\AppData\Local\Programs\MiKTeX\tex/latex/graphics\graphics.sty
Package: graphics 2024/08/06 v1.4g Standard LaTeX Graphics (DPC,SPQR)

(C:\Users\ghofr\AppData\Local\Programs\MiKTeX\tex/latex/graphics\trig.sty
Package: trig 2023/12/02 v1.11 sin cos tan (DPC)
)
(C:\Users\ghofr\AppData\Local\Programs\MiKTeX\tex/latex/graphics-cfg\graphics.c
fg
File: graphics.cfg 2016/06/04 v1.11 sample graphics configuration
)
Package graphics Info: Driver file: pdftex.def on input line 106.

(C:\Users\ghofr\AppData\Local\Programs\MiKTeX\tex/latex/graphics-def\pdftex.def
File: pdftex.def 2025/09/29 v1.2d Graphics/color driver for pdftex
))
\Gin@req@height=\dimen159
\Gin@req@width=\dimen160
)
(C:\Users\ghofr\AppData\Local\Programs\MiKTeX\tex/latex/hyperref\hyperref.sty
Package: hyperref 2025-07-12 v7.01o Hypertext links for LaTeX

(C:\Users\ghofr\AppData\Local\Programs\MiKTeX\tex/generic/iftex\iftex.sty
Package: iftex 2024/12/12 v1.0g TeX engine tests
)
(C:\Users\ghofr\AppData\Local\Programs\MiKTeX\tex/latex/kvsetkeys\kvsetkeys.sty
Package: kvsetkeys 2022-10-05 v1.19 Key value parser (HO)
)
(C:\Users\ghofr\AppData\Local\Programs\MiKTeX\tex/generic/kvdefinekeys\kvdefine
keys.sty
Package: kvdefinekeys 2019-12-19 v1.6 Define keys (HO)
)
(C:\Users\ghofr\AppData\Local\Programs\MiKTeX\tex/generic/pdfescape\pdfescape.s
ty
Package: pdfescape 2019/12/09 v1.15 Implements pdfTeX's escape features (HO)

(C:\Users\ghofr\AppData\Local\Programs\MiKTeX\tex/generic/ltxcmds\ltxcmds.sty
Package: ltxcmds 2023-12-04 v1.26 LaTeX kernel commands for general use (HO)
)
(C:\Users\ghofr\AppData\Local\Programs\MiKTeX\tex/generic/pdftexcmds\pdftexcmds
.sty
Package: pdftexcmds 2020-06-27 v0.33 Utility functions of pdfTeX for LuaTeX (HO
)

(C:\Users\ghofr\AppData\Local\Programs\MiKTeX\tex/generic/infwarerr\infwarerr.s
ty
Package: infwarerr 2019/12/03 v1.5 Providing info/warning/error messages (HO)
)
Package pdftexcmds Info: \pdf@primitive is available.
Package pdftexcmds Info: \pdf@ifprimitive is available.
Package pdftexcmds Info: \pdfdraftmode found.
))
(C:\Users\ghofr\AppData\Local\Programs\MiKTeX\tex/latex/hycolor\hycolor.sty
Package: hycolor 2020-01-27 v1.10 Color options for hyperref/bookmark (HO)
)
(C:\Users\ghofr\AppData\Local\Programs\MiKTeX\tex/latex/hyperref\nameref.sty
Package: nameref 2025-06-21 v2.57 Cross-referencing by name of section

(C:\Users\ghofr\AppData\Local\Programs\MiKTeX\tex/latex/refcount\refcount.sty
Package: refcount 2019/12/15 v3.6 Data extraction from label references (HO)
)
(C:\Users\ghofr\AppData\Local\Programs\MiKTeX\tex/generic/gettitlestring\gettit
lestring.sty
Package: gettitlestring 2019/12/15 v1.6 Cleanup title references (HO)

(C:\Users\ghofr\AppData\Local\Programs\MiKTeX\tex/latex/kvoptions\kvoptions.sty
Package: kvoptions 2022-06-15 v3.15 Key value format for package options (HO)
))
\c@section@level=\count293
)
(C:\Users\ghofr\AppData\Local\Programs\MiKTeX\tex/latex/etoolbox\etoolbox.sty
Package: etoolbox 2025/10/02 v2.5m e-TeX tools for LaTeX (JAW)
\etb@tempcnta=\count294
)
(C:\Users\ghofr\AppData\Local\Programs\MiKTeX\tex/generic/stringenc\stringenc.s
ty
Package: stringenc 2019/11/29 v1.12 Convert strings between diff. encodings (HO
)
)
\@linkdim=\dimen161
\Hy@linkcounter=\count295
\Hy@pagecounter=\count296
 (C:\Users\ghofr\AppData\Local\Programs\MiKTeX\tex/latex/hyperref\pd1enc.def
File: pd1enc.def 2025-07-12 v7.01o Hyperref: PDFDocEncoding definition (HO)
Now handling font encoding PD1 ...
... no UTF-8 mapping file for font encoding PD1
) (C:\Users\ghofr\AppData\Local\Programs\MiKTeX\tex/generic/intcalc\intcalc.sty
Package: intcalc 2019/12/15 v1.3 Expandable calculations with integers (HO)
)
\Hy@SavedSpaceFactor=\count297
 (C:\Users\ghofr\AppData\Local\Programs\MiKTeX\tex/latex/hyperref\puenc.def
File: puenc.def 2025-07-12 v7.01o Hyperref: PDF Unicode definition (HO)
Now handling font encoding PU ...
... no UTF-8 mapping file for font encoding PU
)
Package hyperref Info: Hyper figures OFF on input line 4195.
Package hyperref Info: Link nesting OFF on input line 4200.
Package hyperref Info: Hyper index ON on input line 4203.
Package hyperref Info: Plain pages OFF on input line 4210.
Package hyperref Info: Backreferencing OFF on input line 4215.
Package hyperref Info: Implicit mode ON; LaTeX internals redefined.
Package hyperref Info: Bookmarks ON on input line 4462.
\c@Hy@tempcnt=\count298

(C:\Users\ghofr\AppData\Local\Programs\MiKTeX\tex/latex/url\url.sty
\Urlmuskip=\muskip17
Package: url 2013/09/16  ver 3.4  Verb mode for urls, etc.
)
LaTeX Info: Redefining \url on input line 4801.
\XeTeXLinkMargin=\dimen162

(C:\Users\ghofr\AppData\Local\Programs\MiKTeX\tex/generic/bitset\bitset.sty
Package: bitset 2019/12/09 v1.3 Handle bit-vector datatype (HO)

(C:\Users\ghofr\AppData\Local\Programs\MiKTeX\tex/generic/bigintcalc\bigintcalc
.sty
Package: bigintcalc 2019/12/15 v1.5 Expandable calculations on big integers (HO
)
))
\Fld@menulength=\count299
\Field@Width=\dimen163
\Fld@charsize=\dimen164
Package hyperref Info: Hyper figures OFF on input line 6078.
Package hyperref Info: Link nesting OFF on input line 6083.
Package hyperref Info: Hyper index ON on input line 6086.
Package hyperref Info: backreferencing OFF on input line 6093.
Package hyperref Info: Link coloring OFF on input line 6098.
Package hyperref Info: Link coloring with OCG OFF on input line 6103.
Package hyperref Info: PDF/A mode OFF on input line 6108.
\Hy@abspage=\count300
\c@Item=\count301
\c@Hfootnote=\count302
)
Package hyperref Info: Driver (autodetected): hpdftex.

(C:\Users\ghofr\AppData\Local\Programs\MiKTeX\tex/latex/hyperref\hpdftex.def
File: hpdftex.def 2025-07-12 v7.01o Hyperref driver for pdfTeX
\Fld@listcount=\count303
\c@bookmark@seq@number=\count304

(C:\Users\ghofr\AppData\Local\Programs\MiKTeX\tex/latex/rerunfilecheck\rerunfil
echeck.sty
Package: rerunfilecheck 2025-06-21 v1.11 Rerun checks for auxiliary files (HO)

(C:\Users\ghofr\AppData\Local\Programs\MiKTeX\tex/generic/uniquecounter\uniquec
ounter.sty
Package: uniquecounter 2019/12/15 v1.4 Provide unlimited unique counter (HO)
)
Package uniquecounter Info: New unique counter `rerunfilecheck' on input line 2
84.
)
\Hy@SectionHShift=\skip51
)
(C:\Users\ghofr\AppData\Local\Programs\MiKTeX\tex/latex/caption\caption.sty
Package: caption 2023/08/05 v3.6o Customizing captions (AR)

(C:\Users\ghofr\AppData\Local\Programs\MiKTeX\tex/latex/caption\caption3.sty
Package: caption3 2023/07/31 v2.4d caption3 kernel (AR)
\caption@tempdima=\dimen165
\captionmargin=\dimen166
\caption@leftmargin=\dimen167
\caption@rightmargin=\dimen168
\caption@width=\dimen169
\caption@indent=\dimen170
\caption@parindent=\dimen171
\caption@hangindent=\dimen172
Package caption Info: Standard document class detected.
Package caption Info: french babel package is loaded.
)
\c@caption@flags=\count305
\c@continuedfloat=\count306
Package caption Info: hyperref package is loaded.
)
(C:\Users\ghofr\AppData\Local\Programs\MiKTeX\tex/latex/geometry\geometry.sty
Package: geometry 2026/03/07 v6.0 Page Geometry

(C:\Users\ghofr\AppData\Local\Programs\MiKTeX\tex/generic/iftex\ifvtex.sty
Package: ifvtex 2019/10/25 v1.7 ifvtex legacy package. Use iftex instead.
)
\Gm@cnth=\count307
\Gm@cntv=\count308
\c@Gm@tempcnt=\count309
\Gm@bindingoffset=\dimen173
\Gm@wd@mp=\dimen174
\Gm@odd@mp=\dimen175
\Gm@even@mp=\dimen176
\Gm@layoutwidth=\dimen177
\Gm@layoutheight=\dimen178
\Gm@layouthoffset=\dimen179
\Gm@layoutvoffset=\dimen180
\Gm@dimlist=\toks21

(C:\Users\ghofr\AppData\Local\Programs\MiKTeX\tex/latex/geometry\geometry.cfg))
(C:\Users\ghofr\AppData\Local\Programs\MiKTeX\tex/latex/tools\array.sty
Package: array 2025/09/25 v2.6n Tabular extension package (FMi)
\col@sep=\dimen181
\ar@mcellbox=\box53
\extrarowheight=\dimen182
\NC@list=\toks22
\extratabsurround=\skip52
\backup@length=\skip53
\ar@cellbox=\box54
)
(C:\Users\ghofr\AppData\Local\Programs\MiKTeX\tex/latex/booktabs\booktabs.sty
Package: booktabs 2020/01/12 v1.61803398 Publication quality tables
\heavyrulewidth=\dimen183
\lightrulewidth=\dimen184
\cmidrulewidth=\dimen185
\belowrulesep=\dimen186
\belowbottomsep=\dimen187
\aboverulesep=\dimen188
\abovetopsep=\dimen189
\cmidrulesep=\dimen190
\cmidrulekern=\dimen191
\defaultaddspace=\dimen192
\@cmidla=\count310
\@cmidlb=\count311
\@aboverulesep=\dimen193
\@belowrulesep=\dimen194
\@thisruleclass=\count312
\@lastruleclass=\count313
\@thisrulewidth=\dimen195
)
(C:\Users\ghofr\AppData\Local\Programs\MiKTeX\tex/latex/tools\longtable.sty
Package: longtable 2025-10-13 v4.24 Multi-page Table package (DPC)
\LTleft=\skip54
\LTright=\skip55
\LTpre=\skip56
\LTpost=\skip57
\LTchunksize=\count314
\LTcapwidth=\dimen196
\LT@head=\box55
\LT@firsthead=\box56
\LT@foot=\box57
\LT@lastfoot=\box58
\LT@gbox=\box59
\LT@cols=\count315
\LT@rows=\count316
\c@LT@tables=\count317
\c@LT@chunks=\count318
\LT@p@ftn=\toks23
)
(C:\Users\ghofr\AppData\Local\Programs\MiKTeX\tex/latex/float\float.sty
Package: float 2001/11/08 v1.3d Float enhancements (AL)
\c@float@type=\count319
\float@exts=\toks24
\float@box=\box60
\@float@everytoks=\toks25
\@floatcapt=\box61
)
(C:\Users\ghofr\AppData\Local\Programs\MiKTeX\tex/latex/fancyhdr\fancyhdr.sty
Package: fancyhdr 2025/02/07 v5.2 Extensive control of page headers and footers

\f@nch@headwidth=\skip58
\f@nch@offset@elh=\skip59
\f@nch@offset@erh=\skip60
\f@nch@offset@olh=\skip61
\f@nch@offset@orh=\skip62
\f@nch@offset@elf=\skip63
\f@nch@offset@erf=\skip64
\f@nch@offset@olf=\skip65
\f@nch@offset@orf=\skip66
\f@nch@height=\skip67
\f@nch@footalignment=\skip68
\f@nch@widthL=\skip69
\f@nch@widthC=\skip70
\f@nch@widthR=\skip71
\@temptokenb=\toks26
)
(C:\Users\ghofr\AppData\Local\Programs\MiKTeX\tex/latex/enumitem\enumitem.sty
Package: enumitem 2025/02/06 v3.11 Customized lists
\labelindent=\skip72
\enit@outerparindent=\dimen197
\enit@toks=\toks27
\enit@inbox=\box62
\enit@count@id=\count320
\enitdp@description=\count321
)
(C:\Users\ghofr\AppData\Local\Programs\MiKTeX\tex/latex/multirow\multirow.sty
Package: multirow 2024/11/12 v2.9 Span multiple rows of a table
\multirow@colwidth=\skip73
\multirow@cntb=\count322
\multirow@dima=\skip74
\bigstrutjot=\dimen198
)
(C:\Users\ghofr\AppData\Local\Programs\MiKTeX\tex/latex/setspace\setspace.sty
Package: setspace 2022/12/04 v6.7b set line spacing
)
(C:\Users\ghofr\AppData\Local\Programs\MiKTeX\tex/latex/psnfss\times.sty
Package: times 2020/03/25 PSNFSS-v9.3 (SPQR) 
)
(C:\Users\ghofr\AppData\Local\Programs\MiKTeX\tex/latex/parskip\parskip.sty
Package: parskip 2021-03-14 v2.0h non-zero parskip adjustments
)
(C:\Users\ghofr\AppData\Local\Programs\MiKTeX\tex/latex/tocloft\tocloft.sty
Package: tocloft 2017/08/31 v2.3i parameterised ToC, etc., typesetting
Package tocloft Info: The document has chapter divisions on input line 51.
\cftparskip=\skip75
\cftbeforetoctitleskip=\skip76
\cftaftertoctitleskip=\skip77
\cftbeforepartskip=\skip78
\cftpartnumwidth=\skip79
\cftpartindent=\skip80
\cftbeforechapskip=\skip81
\cftchapindent=\skip82
\cftchapnumwidth=\skip83
\cftbeforesecskip=\skip84
\cftsecindent=\skip85
\cftsecnumwidth=\skip86
\cftbeforesubsecskip=\skip87
\cftsubsecindent=\skip88
\cftsubsecnumwidth=\skip89
\cftbeforesubsubsecskip=\skip90
\cftsubsubsecindent=\skip91
\cftsubsubsecnumwidth=\skip92
\cftbeforeparaskip=\skip93
\cftparaindent=\skip94
\cftparanumwidth=\skip95
\cftbeforesubparaskip=\skip96
\cftsubparaindent=\skip97
\cftsubparanumwidth=\skip98
\cftbeforeloftitleskip=\skip99
\cftafterloftitleskip=\skip100
\cftbeforefigskip=\skip101
\cftfigindent=\skip102
\cftfignumwidth=\skip103
\c@lofdepth=\count323
\c@lotdepth=\count324
\cftbeforelottitleskip=\skip104
\cftafterlottitleskip=\skip105
\cftbeforetabskip=\skip106
\cfttabindent=\skip107
\cfttabnumwidth=\skip108


Package tocloft Warning: \@starttoc has already been redefined; tocloft bailing
 out. on input line 1156.

)
(C:\Users\ghofr\AppData\Local\Programs\MiKTeX\tex/latex/pdflscape\pdflscape.sty
Package: pdflscape 2022-10-27 v0.13 Display of landscape pages in PDF

(C:\Users\ghofr\AppData\Local\Programs\MiKTeX\tex/latex/pdflscape\pdflscape-nom
etadata.sty
Package: pdflscape-nometadata 2022-10-28 v0.13 Display of landscape pages in PD
F (HO)

(C:\Users\ghofr\AppData\Local\Programs\MiKTeX\tex/latex/graphics\lscape.sty
Package: lscape 2020/05/28 v3.02 Landscape Pages (DPC)
)
Package pdflscape Info: Auto-detected driver: pdftex on input line 81.
))
(C:\Users\ghofr\AppData\Local\Programs\MiKTeX\tex/latex/pgf/frontendlayer\tikz.
sty
(C:\Users\ghofr\AppData\Local\Programs\MiKTeX\tex/latex/pgf/basiclayer\pgf.sty
(C:\Users\ghofr\AppData\Local\Programs\MiKTeX\tex/latex/pgf/utilities\pgfrcs.st
y
(C:\Users\ghofr\AppData\Local\Programs\MiKTeX\tex/generic/pgf/utilities\pgfutil
-common.tex
\pgfutil@everybye=\toks28
\pgfutil@tempdima=\dimen199
\pgfutil@tempdimb=\dimen256
)
(C:\Users\ghofr\AppData\Local\Programs\MiKTeX\tex/generic/pgf/utilities\pgfutil
-latex.def
\pgfutil@abb=\box63
)
(C:\Users\ghofr\AppData\Local\Programs\MiKTeX\tex/generic/pgf/utilities\pgfrcs.
code.tex
(C:\Users\ghofr\AppData\Local\Programs\MiKTeX\tex/generic/pgf\pgf.revision.tex)
Package: pgfrcs 2025-08-29 v3.1.11a (3.1.11a)
))
Package: pgf 2025-08-29 v3.1.11a (3.1.11a)

(C:\Users\ghofr\AppData\Local\Programs\MiKTeX\tex/latex/pgf/basiclayer\pgfcore.
sty
(C:\Users\ghofr\AppData\Local\Programs\MiKTeX\tex/latex/pgf/systemlayer\pgfsys.
sty
(C:\Users\ghofr\AppData\Local\Programs\MiKTeX\tex/generic/pgf/systemlayer\pgfsy
s.code.tex
Package: pgfsys 2025-08-29 v3.1.11a (3.1.11a)

(C:\Users\ghofr\AppData\Local\Programs\MiKTeX\tex/generic/pgf/utilities\pgfkeys
.code.tex
\pgfkeys@pathtoks=\toks29
\pgfkeys@temptoks=\toks30

(C:\Users\ghofr\AppData\Local\Programs\MiKTeX\tex/generic/pgf/utilities\pgfkeys
libraryfiltered.code.tex
\pgfkeys@tmptoks=\toks31
))
\pgf@x=\dimen257
\pgf@y=\dimen258
\pgf@xa=\dimen259
\pgf@ya=\dimen260
\pgf@xb=\dimen261
\pgf@yb=\dimen262
\pgf@xc=\dimen263
\pgf@yc=\dimen264
\pgf@xd=\dimen265
\pgf@yd=\dimen266
\w@pgf@writea=\write3
\r@pgf@reada=\read3
\c@pgf@counta=\count325
\c@pgf@countb=\count326
\c@pgf@countc=\count327
\c@pgf@countd=\count328
\t@pgf@toka=\toks32
\t@pgf@tokb=\toks33
\t@pgf@tokc=\toks34
\pgf@sys@id@count=\count329

(C:\Users\ghofr\AppData\Local\Programs\MiKTeX\tex/generic/pgf/systemlayer\pgf.c
fg
File: pgf.cfg 2025-08-29 v3.1.11a (3.1.11a)
)
Driver file for pgf: pgfsys-pdftex.def

(C:\Users\ghofr\AppData\Local\Programs\MiKTeX\tex/generic/pgf/systemlayer\pgfsy
s-pdftex.def
File: pgfsys-pdftex.def 2025-08-29 v3.1.11a (3.1.11a)

(C:\Users\ghofr\AppData\Local\Programs\MiKTeX\tex/generic/pgf/systemlayer\pgfsy
s-common-pdf.def
File: pgfsys-common-pdf.def 2025-08-29 v3.1.11a (3.1.11a)
)))
(C:\Users\ghofr\AppData\Local\Programs\MiKTeX\tex/generic/pgf/systemlayer\pgfsy
ssoftpath.code.tex
File: pgfsyssoftpath.code.tex 2025-08-29 v3.1.11a (3.1.11a)
\pgfsyssoftpath@smallbuffer@items=\count330
\pgfsyssoftpath@bigbuffer@items=\count331
)
(C:\Users\ghofr\AppData\Local\Programs\MiKTeX\tex/generic/pgf/systemlayer\pgfsy
sprotocol.code.tex
File: pgfsysprotocol.code.tex 2025-08-29 v3.1.11a (3.1.11a)
))
(C:\Users\ghofr\AppData\Local\Programs\MiKTeX\tex/latex/xcolor\xcolor.sty
Package: xcolor 2024/09/29 v3.02 LaTeX color extensions (UK)

(C:\Users\ghofr\AppData\Local\Programs\MiKTeX\tex/latex/graphics-cfg\color.cfg
File: color.cfg 2016/01/02 v1.6 sample color configuration
)
Package xcolor Info: Driver file: pdftex.def on input line 274.
(C:\Users\ghofr\AppData\Local\Programs\MiKTeX\tex/latex/graphics\mathcolor.ltx)
Package xcolor Info: Model `cmy' substituted by `cmy0' on input line 1349.
Package xcolor Info: Model `hsb' substituted by `rgb' on input line 1353.
Package xcolor Info: Model `RGB' extended on input line 1365.
Package xcolor Info: Model `HTML' substituted by `rgb' on input line 1367.
Package xcolor Info: Model `Hsb' substituted by `hsb' on input line 1368.
Package xcolor Info: Model `tHsb' substituted by `hsb' on input line 1369.
Package xcolor Info: Model `HSB' substituted by `hsb' on input line 1370.
Package xcolor Info: Model `Gray' substituted by `gray' on input line 1371.
Package xcolor Info: Model `wave' substituted by `hsb' on input line 1372.
)
(C:\Users\ghofr\AppData\Local\Programs\MiKTeX\tex/generic/pgf/basiclayer\pgfcor
e.code.tex
Package: pgfcore 2025-08-29 v3.1.11a (3.1.11a)

(C:\Users\ghofr\AppData\Local\Programs\MiKTeX\tex/generic/pgf/math\pgfmath.code
.tex
(C:\Users\ghofr\AppData\Local\Programs\MiKTeX\tex/generic/pgf/math\pgfmathutil.
code.tex)
(C:\Users\ghofr\AppData\Local\Programs\MiKTeX\tex/generic/pgf/math\pgfmathparse
r.code.tex
\pgfmath@dimen=\dimen267
\pgfmath@count=\count332
\pgfmath@box=\box64
\pgfmath@toks=\toks35
\pgfmath@stack@operand=\toks36
\pgfmath@stack@operation=\toks37
)
(C:\Users\ghofr\AppData\Local\Programs\MiKTeX\tex/generic/pgf/math\pgfmathfunct
ions.code.tex)
(C:\Users\ghofr\AppData\Local\Programs\MiKTeX\tex/generic/pgf/math\pgfmathfunct
ions.basic.code.tex)
(C:\Users\ghofr\AppData\Local\Programs\MiKTeX\tex/generic/pgf/math\pgfmathfunct
ions.trigonometric.code.tex)
(C:\Users\ghofr\AppData\Local\Programs\MiKTeX\tex/generic/pgf/math\pgfmathfunct
ions.random.code.tex)
(C:\Users\ghofr\AppData\Local\Programs\MiKTeX\tex/generic/pgf/math\pgfmathfunct
ions.comparison.code.tex)
(C:\Users\ghofr\AppData\Local\Programs\MiKTeX\tex/generic/pgf/math\pgfmathfunct
ions.base.code.tex)
(C:\Users\ghofr\AppData\Local\Programs\MiKTeX\tex/generic/pgf/math\pgfmathfunct
ions.round.code.tex)
(C:\Users\ghofr\AppData\Local\Programs\MiKTeX\tex/generic/pgf/math\pgfmathfunct
ions.misc.code.tex)
(C:\Users\ghofr\AppData\Local\Programs\MiKTeX\tex/generic/pgf/math\pgfmathfunct
ions.integerarithmetics.code.tex)
(C:\Users\ghofr\AppData\Local\Programs\MiKTeX\tex/generic/pgf/math\pgfmathcalc.
code.tex)
(C:\Users\ghofr\AppData\Local\Programs\MiKTeX\tex/generic/pgf/math\pgfmathfloat
.code.tex
\c@pgfmathroundto@lastzeros=\count333
))
(C:\Users\ghofr\AppData\Local\Programs\MiKTeX\tex/generic/pgf/math\pgfint.code.
tex)
(C:\Users\ghofr\AppData\Local\Programs\MiKTeX\tex/generic/pgf/basiclayer\pgfcor
epoints.code.tex
File: pgfcorepoints.code.tex 2025-08-29 v3.1.11a (3.1.11a)
\pgf@picminx=\dimen268
\pgf@picmaxx=\dimen269
\pgf@picminy=\dimen270
\pgf@picmaxy=\dimen271
\pgf@pathminx=\dimen272
\pgf@pathmaxx=\dimen273
\pgf@pathminy=\dimen274
\pgf@pathmaxy=\dimen275
\pgf@xx=\dimen276
\pgf@xy=\dimen277
\pgf@yx=\dimen278
\pgf@yy=\dimen279
\pgf@zx=\dimen280
\pgf@zy=\dimen281
)
(C:\Users\ghofr\AppData\Local\Programs\MiKTeX\tex/generic/pgf/basiclayer\pgfcor
epathconstruct.code.tex
File: pgfcorepathconstruct.code.tex 2025-08-29 v3.1.11a (3.1.11a)
\pgf@path@lastx=\dimen282
\pgf@path@lasty=\dimen283
)
(C:\Users\ghofr\AppData\Local\Programs\MiKTeX\tex/generic/pgf/basiclayer\pgfcor
epathusage.code.tex
File: pgfcorepathusage.code.tex 2025-08-29 v3.1.11a (3.1.11a)
\pgf@shorten@end@additional=\dimen284
\pgf@shorten@start@additional=\dimen285
)
(C:\Users\ghofr\AppData\Local\Programs\MiKTeX\tex/generic/pgf/basiclayer\pgfcor
escopes.code.tex
File: pgfcorescopes.code.tex 2025-08-29 v3.1.11a (3.1.11a)
\pgfpic=\box65
\pgf@hbox=\box66
\pgf@layerbox@main=\box67
\pgf@picture@serial@count=\count334
)
(C:\Users\ghofr\AppData\Local\Programs\MiKTeX\tex/generic/pgf/basiclayer\pgfcor
egraphicstate.code.tex
File: pgfcoregraphicstate.code.tex 2025-08-29 v3.1.11a (3.1.11a)
\pgflinewidth=\dimen286
)
(C:\Users\ghofr\AppData\Local\Programs\MiKTeX\tex/generic/pgf/basiclayer\pgfcor
etransformations.code.tex
File: pgfcoretransformations.code.tex 2025-08-29 v3.1.11a (3.1.11a)
\pgf@pt@x=\dimen287
\pgf@pt@y=\dimen288
\pgf@pt@temp=\dimen289
)
(C:\Users\ghofr\AppData\Local\Programs\MiKTeX\tex/generic/pgf/basiclayer\pgfcor
equick.code.tex
File: pgfcorequick.code.tex 2025-08-29 v3.1.11a (3.1.11a)
)
(C:\Users\ghofr\AppData\Local\Programs\MiKTeX\tex/generic/pgf/basiclayer\pgfcor
eobjects.code.tex
File: pgfcoreobjects.code.tex 2025-08-29 v3.1.11a (3.1.11a)
)
(C:\Users\ghofr\AppData\Local\Programs\MiKTeX\tex/generic/pgf/basiclayer\pgfcor
epathprocessing.code.tex
File: pgfcorepathprocessing.code.tex 2025-08-29 v3.1.11a (3.1.11a)
)
(C:\Users\ghofr\AppData\Local\Programs\MiKTeX\tex/generic/pgf/basiclayer\pgfcor
earrows.code.tex
File: pgfcorearrows.code.tex 2025-08-29 v3.1.11a (3.1.11a)
\pgfarrowsep=\dimen290
)
(C:\Users\ghofr\AppData\Local\Programs\MiKTeX\tex/generic/pgf/basiclayer\pgfcor
eshade.code.tex
File: pgfcoreshade.code.tex 2025-08-29 v3.1.11a (3.1.11a)
\pgf@max=\dimen291
\pgf@sys@shading@range@num=\count335
\pgf@shadingcount=\count336
)
(C:\Users\ghofr\AppData\Local\Programs\MiKTeX\tex/generic/pgf/basiclayer\pgfcor
eimage.code.tex
File: pgfcoreimage.code.tex 2025-08-29 v3.1.11a (3.1.11a)
)
(C:\Users\ghofr\AppData\Local\Programs\MiKTeX\tex/generic/pgf/basiclayer\pgfcor
eexternal.code.tex
File: pgfcoreexternal.code.tex 2025-08-29 v3.1.11a (3.1.11a)
\pgfexternal@startupbox=\box68
)
(C:\Users\ghofr\AppData\Local\Programs\MiKTeX\tex/generic/pgf/basiclayer\pgfcor
elayers.code.tex
File: pgfcorelayers.code.tex 2025-08-29 v3.1.11a (3.1.11a)
)
(C:\Users\ghofr\AppData\Local\Programs\MiKTeX\tex/generic/pgf/basiclayer\pgfcor
etransparency.code.tex
File: pgfcoretransparency.code.tex 2025-08-29 v3.1.11a (3.1.11a)
)
(C:\Users\ghofr\AppData\Local\Programs\MiKTeX\tex/generic/pgf/basiclayer\pgfcor
epatterns.code.tex
File: pgfcorepatterns.code.tex 2025-08-29 v3.1.11a (3.1.11a)
)
(C:\Users\ghofr\AppData\Local\Programs\MiKTeX\tex/generic/pgf/basiclayer\pgfcor
erdf.code.tex
File: pgfcorerdf.code.tex 2025-08-29 v3.1.11a (3.1.11a)
)))
(C:\Users\ghofr\AppData\Local\Programs\MiKTeX\tex/generic/pgf/modules\pgfmodule
shapes.code.tex
File: pgfmoduleshapes.code.tex 2025-08-29 v3.1.11a (3.1.11a)
\pgfnodeparttextbox=\box69
)
(C:\Users\ghofr\AppData\Local\Programs\MiKTeX\tex/generic/pgf/modules\pgfmodule
plot.code.tex
File: pgfmoduleplot.code.tex 2025-08-29 v3.1.11a (3.1.11a)
)
(C:\Users\ghofr\AppData\Local\Programs\MiKTeX\tex/latex/pgf/compatibility\pgfco
mp-version-0-65.sty
Package: pgfcomp-version-0-65 2025-08-29 v3.1.11a (3.1.11a)
\pgf@nodesepstart=\dimen292
\pgf@nodesepend=\dimen293
)
(C:\Users\ghofr\AppData\Local\Programs\MiKTeX\tex/latex/pgf/compatibility\pgfco
mp-version-1-18.sty
Package: pgfcomp-version-1-18 2025-08-29 v3.1.11a (3.1.11a)
))
(C:\Users\ghofr\AppData\Local\Programs\MiKTeX\tex/latex/pgf/utilities\pgffor.st
y
(C:\Users\ghofr\AppData\Local\Programs\MiKTeX\tex/latex/pgf/utilities\pgfkeys.s
ty
(C:\Users\ghofr\AppData\Local\Programs\MiKTeX\tex/generic/pgf/utilities\pgfkeys
.code.tex))
(C:\Users\ghofr\AppData\Local\Programs\MiKTeX\tex/latex/pgf/math\pgfmath.sty
(C:\Users\ghofr\AppData\Local\Programs\MiKTeX\tex/generic/pgf/math\pgfmath.code
.tex))
(C:\Users\ghofr\AppData\Local\Programs\MiKTeX\tex/generic/pgf/utilities\pgffor.
code.tex
Package: pgffor 2025-08-29 v3.1.11a (3.1.11a)
\pgffor@iter=\dimen294
\pgffor@skip=\dimen295
\pgffor@stack=\toks38
\pgffor@toks=\toks39
))
(C:\Users\ghofr\AppData\Local\Programs\MiKTeX\tex/generic/pgf/frontendlayer/tik
z\tikz.code.tex
Package: tikz 2025-08-29 v3.1.11a (3.1.11a)

(C:\Users\ghofr\AppData\Local\Programs\MiKTeX\tex/generic/pgf/libraries\pgflibr
aryplothandlers.code.tex
File: pgflibraryplothandlers.code.tex 2025-08-29 v3.1.11a (3.1.11a)
\pgf@plot@mark@count=\count337
\pgfplotmarksize=\dimen296
)
\tikz@lastx=\dimen297
\tikz@lasty=\dimen298
\tikz@lastxsaved=\dimen299
\tikz@lastysaved=\dimen300
\tikz@lastmovetox=\dimen301
\tikz@lastmovetoy=\dimen302
\tikzleveldistance=\dimen303
\tikzsiblingdistance=\dimen304
\tikz@figbox=\box70
\tikz@figbox@bg=\box71
\tikz@tempbox=\box72
\tikz@tempbox@bg=\box73
\tikztreelevel=\count338
\tikznumberofchildren=\count339
\tikznumberofcurrentchild=\count340
\tikz@fig@count=\count341

(C:\Users\ghofr\AppData\Local\Programs\MiKTeX\tex/generic/pgf/modules\pgfmodule
matrix.code.tex
File: pgfmodulematrix.code.tex 2025-08-29 v3.1.11a (3.1.11a)
\pgfmatrixcurrentrow=\count342
\pgfmatrixcurrentcolumn=\count343
\pgf@matrix@numberofcolumns=\count344
)
\tikz@expandcount=\count345

(C:\Users\ghofr\AppData\Local\Programs\MiKTeX\tex/generic/pgf/frontendlayer/tik
z/libraries\tikzlibrarytopaths.code.tex
File: tikzlibrarytopaths.code.tex 2025-08-29 v3.1.11a (3.1.11a)
)))
(C:\Users\ghofr\AppData\Local\Programs\MiKTeX\tex/latex/pgfplots\pgfplots.sty
(C:\Users\ghofr\AppData\Local\Programs\MiKTeX\tex/generic/pgfplots\pgfplots.rev
ision.tex)
Package: pgfplots 2021/05/15 v1.18.1 Data Visualization (1.18.1)

(C:\Users\ghofr\AppData\Local\Programs\MiKTeX\tex/generic/pgfplots\pgfplots.cod
e.tex
(C:\Users\ghofr\AppData\Local\Programs\MiKTeX\tex/generic/pgfplots\pgfplotscore
.code.tex
\t@pgfplots@toka=\toks40
\t@pgfplots@tokb=\toks41
\t@pgfplots@tokc=\toks42
\pgfplots@tmpa=\dimen305
\c@pgfplots@coordindex=\count346
\c@pgfplots@scanlineindex=\count347

(C:\Users\ghofr\AppData\Local\Programs\MiKTeX\tex/generic/pgfplots/sys\pgfplots
sysgeneric.code.tex))
(C:\Users\ghofr\AppData\Local\Programs\MiKTeX\tex/generic/pgfplots/libs\pgfplot
slibrary.code.tex)
(C:\Users\ghofr\AppData\Local\Programs\MiKTeX\tex/generic/pgfplots/oldpgfcompat
ib\pgfplotsoldpgfsupp_loader.code.tex
(C:\Users\ghofr\AppData\Local\Programs\MiKTeX\tex/generic/pgf/libraries\pgflibr
aryfpu.code.tex)
Package pgfplots: loading complementary utilities for your pgf version...
\t@pgf@toka=\toks43
\t@pgf@tokb=\toks44
\t@pgf@tokc=\toks45

(C:\Users\ghofr\AppData\Local\Programs\MiKTeX\tex/generic/pgfplots/oldpgfcompat
ib\pgfplotsoldpgfsupp_pgfutil-common-lists.tex))
(C:\Users\ghofr\AppData\Local\Programs\MiKTeX\tex/generic/pgfplots/util\pgfplot
sutil.code.tex
(C:\Users\ghofr\AppData\Local\Programs\MiKTeX\tex/generic/pgfplots/liststructur
e\pgfplotsliststructure.code.tex)
(C:\Users\ghofr\AppData\Local\Programs\MiKTeX\tex/generic/pgfplots/liststructur
e\pgfplotsliststructureext.code.tex)
(C:\Users\ghofr\AppData\Local\Programs\MiKTeX\tex/generic/pgfplots/liststructur
e\pgfplotsarray.code.tex
\c@pgfplotsarray@tmp=\count348
)
(C:\Users\ghofr\AppData\Local\Programs\MiKTeX\tex/generic/pgfplots/liststructur
e\pgfplotsmatrix.code.tex)
(C:\Users\ghofr\AppData\Local\Programs\MiKTeX\tex/generic/pgfplots/numtable\pgf
plotstableshared.code.tex
\c@pgfplotstable@counta=\count349
\t@pgfplotstable@a=\toks46
)
(C:\Users\ghofr\AppData\Local\Programs\MiKTeX\tex/generic/pgfplots/liststructur
e\pgfplotsdeque.code.tex)
(C:\Users\ghofr\AppData\Local\Programs\MiKTeX\tex/generic/pgfplots/util\pgfplot
sbinary.code.tex
(C:\Users\ghofr\AppData\Local\Programs\MiKTeX\tex/generic/pgfplots/util\pgfplot
sbinary.data.code.tex))
(C:\Users\ghofr\AppData\Local\Programs\MiKTeX\tex/generic/pgfplots/util\pgfplot
sutil.verb.code.tex)
(C:\Users\ghofr\AppData\Local\Programs\MiKTeX\tex/generic/pgfplots/libs\pgflibr
arypgfplots.surfshading.code.tex
\c@pgfplotslibrarysurf@no=\count350

(C:\Users\ghofr\AppData\Local\Programs\MiKTeX\tex/generic/pgfplots/sys\pgflibra
rypgfplots.surfshading.pgfsys-pdftex.def)))
(C:\Users\ghofr\AppData\Local\Programs\MiKTeX\tex/generic/pgfplots/util\pgfplot
scolormap.code.tex
(C:\Users\ghofr\AppData\Local\Programs\MiKTeX\tex/generic/pgfplots/util\pgfplot
scolor.code.tex))
(C:\Users\ghofr\AppData\Local\Programs\MiKTeX\tex/generic/pgfplots\pgfplotsstac
kedplots.code.tex)
(C:\Users\ghofr\AppData\Local\Programs\MiKTeX\tex/generic/pgfplots\pgfplotsplot
handlers.code.tex
(C:\Users\ghofr\AppData\Local\Programs\MiKTeX\tex/generic/pgfplots\pgfplotsmesh
plothandler.code.tex
(C:\Users\ghofr\AppData\Local\Programs\MiKTeX\tex/generic/pgfplots\pgfplotsmesh
plotimage.code.tex)))
(C:\Users\ghofr\AppData\Local\Programs\MiKTeX\tex/generic/pgfplots\pgfplots.sca
ling.code.tex)
(C:\Users\ghofr\AppData\Local\Programs\MiKTeX\tex/generic/pgfplots\pgfplotscoor
dprocessing.code.tex)
(C:\Users\ghofr\AppData\Local\Programs\MiKTeX\tex/generic/pgfplots\pgfplots.err
orbars.code.tex)
(C:\Users\ghofr\AppData\Local\Programs\MiKTeX\tex/generic/pgfplots\pgfplots.mar
kers.code.tex)
(C:\Users\ghofr\AppData\Local\Programs\MiKTeX\tex/generic/pgfplots\pgfplotstick
s.code.tex)
(C:\Users\ghofr\AppData\Local\Programs\MiKTeX\tex/generic/pgfplots\pgfplots.pat
hs.code.tex)
(C:\Users\ghofr\AppData\Local\Programs\MiKTeX\tex/generic/pgf/frontendlayer/tik
z/libraries\tikzlibrarydecorations.code.tex
(C:\Users\ghofr\AppData\Local\Programs\MiKTeX\tex/generic/pgf/modules\pgfmodule
decorations.code.tex
\pgfdecoratedcompleteddistance=\dimen306
\pgfdecoratedremainingdistance=\dimen307
\pgfdecoratedinputsegmentcompleteddistance=\dimen308
\pgfdecoratedinputsegmentremainingdistance=\dimen309
\pgf@decorate@distancetomove=\dimen310
\pgf@decorate@repeatstate=\count351
\pgfdecorationsegmentamplitude=\dimen311
\pgfdecorationsegmentlength=\dimen312
)
\tikz@lib@dec@box=\box74
)
(C:\Users\ghofr\AppData\Local\Programs\MiKTeX\tex/generic/pgf/frontendlayer/tik
z/libraries\tikzlibrarydecorations.pathmorphing.code.tex
(C:\Users\ghofr\AppData\Local\Programs\MiKTeX\tex/generic/pgf/libraries/decorat
ions\pgflibrarydecorations.pathmorphing.code.tex))
(C:\Users\ghofr\AppData\Local\Programs\MiKTeX\tex/generic/pgf/frontendlayer/tik
z/libraries\tikzlibrarydecorations.pathreplacing.code.tex
(C:\Users\ghofr\AppData\Local\Programs\MiKTeX\tex/generic/pgf/libraries/decorat
ions\pgflibrarydecorations.pathreplacing.code.tex))
(C:\Users\ghofr\AppData\Local\Programs\MiKTeX\tex/generic/pgfplots/libs\tikzlib
rarypgfplots.contourlua.code.tex)
\pgfplots@numplots=\count352
\pgfplots@xmin@reg=\dimen313
\pgfplots@xmax@reg=\dimen314
\pgfplots@ymin@reg=\dimen315
\pgfplots@ymax@reg=\dimen316
\pgfplots@zmin@reg=\dimen317
\pgfplots@zmax@reg=\dimen318
)
(C:\Users\ghofr\AppData\Local\Programs\MiKTeX\tex/generic/pgf/frontendlayer/tik
z/libraries\tikzlibraryplotmarks.code.tex
File: tikzlibraryplotmarks.code.tex 2025-08-29 v3.1.11a (3.1.11a)

(C:\Users\ghofr\AppData\Local\Programs\MiKTeX\tex/generic/pgf/libraries\pgflibr
aryplotmarks.code.tex
File: pgflibraryplotmarks.code.tex 2025-08-29 v3.1.11a (3.1.11a)
)))
(C:\Users\ghofr\AppData\Local\Programs\MiKTeX\tex/generic/pgf/frontendlayer/tik
z/libraries\tikzlibrarymatrix.code.tex
File: tikzlibrarymatrix.code.tex 2025-08-29 v3.1.11a (3.1.11a)
)
(C:\Users\ghofr\AppData\Local\Programs\MiKTeX\tex/generic/pgf/frontendlayer/tik
z/libraries\tikzlibrarypositioning.code.tex
File: tikzlibrarypositioning.code.tex 2025-08-29 v3.1.11a (3.1.11a)
)
Package french3.ldf Info: Setting StandardItemizeEnv=true for
(french3.ldf)             compatibility with enumitem package,
(french3.ldf)             reported on input line 93.
Package french3.ldf Info: Setting StandardEnumerateEnv=true for
(french3.ldf)             compatibility with enumitem package,
(french3.ldf)             reported on input line 93.
LaTeX Font Info:    Trying to load font information for T1+ptm on input line 93
.

(C:\Users\ghofr\AppData\Local\Programs\MiKTeX\tex/latex/psnfss\t1ptm.fd
File: t1ptm.fd 2001/06/04 font definitions for T1/ptm.
)
(C:\Users\ghofr\AppData\Local\Programs\MiKTeX\tex/latex/l3backend\l3backend-pdf
tex.def
File: l3backend-pdftex.def 2025-10-09 L3 backend support: PDF output (pdfTeX)
\l__color_backend_stack_int=\count353
) (main.aux
Package babel Info: 'french' activates 'french' shorthands.
(babel)             Reported on input line 11.


LaTeX Warning: Label `fig:add_note_ui' multiply defined.


LaTeX Warning: Label `fig:dropdown_notifications' multiply defined.


LaTeX Warning: Label `fig:dropdown_notifications' multiply defined.


LaTeX Warning: Label `fig:internal_notes' multiply defined.


LaTeX Warning: Label `fig:internal_notes' multiply defined.


LaTeX Warning: Label `fig:auto_fill_fields' multiply defined.


LaTeX Warning: Label `fig:employee_dashboard' multiply defined.


LaTeX Warning: Label `fig:employee_dashboard' multiply defined.


LaTeX Warning: Label `fig:employee_dashboard' multiply defined.


LaTeX Warning: Label `fig:manager_dashboard' multiply defined.


LaTeX Warning: Label `fig:manager_dashboard' multiply defined.


LaTeX Warning: Label `fig:manager_dashboard' multiply defined.


LaTeX Warning: Label `fig:manager_dashboard' multiply defined.


LaTeX Warning: Label `fig:manager_dashboard' multiply defined.


LaTeX Warning: Label `fig:admin_dashboard' multiply defined.


LaTeX Warning: Label `fig:admin_dashboard' multiply defined.


LaTeX Warning: Label `fig:admin_dashboard' multiply defined.


LaTeX Warning: Label `fig:coral-logo' multiply defined.


LaTeX Warning: Label `fig:sap_concur' multiply defined.


LaTeX Warning: Label `fig:expensya' multiply defined.


LaTeX Warning: Label `fig:rydoo' multiply defined.


LaTeX Warning: Label `tab:critique_existant' multiply defined.


LaTeX Warning: Label `fig:scrum' multiply defined.


LaTeX Warning: Label `fig:logo_uml' multiply defined.


LaTeX Warning: Label `tab:machines' multiply defined.


LaTeX Warning: Label `fig:vscode' multiply defined.


LaTeX Warning: Label `fig:intellij' multiply defined.


LaTeX Warning: Label `fig:pycharm' multiply defined.


LaTeX Warning: Label `fig:git' multiply defined.


LaTeX Warning: Label `fig:github' multiply defined.


LaTeX Warning: Label `fig:drawio' multiply defined.


LaTeX Warning: Label `fig:figma' multiply defined.


LaTeX Warning: Label `fig:angular' multiply defined.


LaTeX Warning: Label `fig:typescript' multiply defined.


LaTeX Warning: Label `fig:html' multiply defined.


LaTeX Warning: Label `fig:scss' multiply defined.


LaTeX Warning: Label `fig:bootstrap' multiply defined.


LaTeX Warning: Label `fig:springboot' multiply defined.


LaTeX Warning: Label `fig:java' multiply defined.


LaTeX Warning: Label `fig:python' multiply defined.


LaTeX Warning: Label `fig:fastapi' multiply defined.


LaTeX Warning: Label `fig:postgresql' multiply defined.


LaTeX Warning: Label `fig:keycloak' multiply defined.


LaTeX Warning: Label `fig:docker' multiply defined.


LaTeX Warning: Label `fig:postman' multiply defined.


LaTeX Warning: Label `tab:non_fonctionnel' multiply defined.


LaTeX Warning: Label `tab:backlog' multiply defined.


LaTeX Warning: Label `tab:sprints' multiply defined.


LaTeX Warning: Label `tab:sprint1_combined' multiply defined.


LaTeX Warning: Label `fig:usecasesp1' multiply defined.


LaTeX Warning: Label `fig:gerer_compte' multiply defined.


LaTeX Warning: Label `fig:gerer_profil' multiply defined.


LaTeX Warning: Label `fig:gerer_disponibilite' multiply defined.


LaTeX Warning: Label `tab:create_account_desc' multiply defined.


LaTeX Warning: Label `tab:auth_desc' multiply defined.


LaTeX Warning: Label `tab:forgot_password_desc' multiply defined.


LaTeX Warning: Label `tab:profile_desc' multiply defined.


LaTeX Warning: Label `tab:category_desc' multiply defined.


LaTeX Warning: Label `fig:seq_auth' multiply defined.


LaTeX Warning: Label `fig:seq_project' multiply defined.


LaTeX Warning: Label `fig:seq_category' multiply defined.


LaTeX Warning: Label `fig:class_sprint1' multiply defined.


LaTeX Warning: Label `fig:interface_home_hero' multiply defined.


LaTeX Warning: Label `fig:interface_home_about' multiply defined.


LaTeX Warning: Label `fig:interface_home_expertise' multiply defined.


LaTeX Warning: Label `fig:interface_home_services' multiply defined.


LaTeX Warning: Label `fig:interface_home_contact' multiply defined.


LaTeX Warning: Label `fig:interface_login' multiply defined.


LaTeX Warning: Label `fig:interface_reset_password' multiply defined.


LaTeX Warning: Label `fig:interface_update_password' multiply defined.


LaTeX Warning: Label `fig:interface_update_profile' multiply defined.


LaTeX Warning: Label `fig:modal_logout' multiply defined.


LaTeX Warning: Label `fig:interface_users_list' multiply defined.


LaTeX Warning: Label `fig:interface_user_add' multiply defined.


LaTeX Warning: Label `fig:interface_user_edit' multiply defined.


LaTeX Warning: Label `fig:interface_profile_view' multiply defined.


LaTeX Warning: Label `fig:modal_change_password' multiply defined.


LaTeX Warning: Label `fig:interface_profile_edit' multiply defined.


LaTeX Warning: Label `fig:interface_profile_edit_manager' multiply defined.


LaTeX Warning: Label `fig:interface_departments_list' multiply defined.


LaTeX Warning: Label `fig:interface_department_form' multiply defined.


LaTeX Warning: Label `fig:interface_projects_list' multiply defined.


LaTeX Warning: Label `fig:interface_project_form' multiply defined.


LaTeX Warning: Label `fig:mes_projets' multiply defined.


LaTeX Warning: Label `fig:regles_remboursement' multiply defined.


LaTeX Warning: Label `fig:interface_categories_list' multiply defined.


LaTeX Warning: Label `fig:interface_category_form' multiply defined.


LaTeX Warning: Label `fig:interface_category_form_fields' multiply defined.


LaTeX Warning: Label `tab:sprint2_combined' multiply defined.


LaTeX Warning: Label `fig:usecasesp2' multiply defined.


LaTeX Warning: Label `tab:create_expense_desc' multiply defined.


LaTeX Warning: Label `tab:edit_expense_desc' multiply defined.


LaTeX Warning: Label `tab:validate_reject_desc' multiply defined.


LaTeX Warning: Label `tab:change_currency_desc' multiply defined.


LaTeX Warning: Label `fig:seq_submit' multiply defined.


LaTeX Warning: Label `fig:class_sprint2' multiply defined.


LaTeX Warning: Label `fig:add_note_ui' multiply defined.


LaTeX Warning: Label `fig:add_note_ui' multiply defined.


LaTeX Warning: Label `fig:my_notes_ui' multiply defined.


LaTeX Warning: Label `fig:delete_modal' multiply defined.


LaTeX Warning: Label `fig:manager_notes_ui' multiply defined.


LaTeX Warning: Label `fig:details_note' multiply defined.


LaTeX Warning: Label `fig:interface_employee_consumption' multiply defined.


LaTeX Warning: Label `fig:manager_validation' multiply defined.


LaTeX Warning: Label `fig:manager_rejection' multiply defined.


LaTeX Warning: Label `fig:dropdown_notifications' multiply defined.


LaTeX Warning: Label `fig:dropdown_notifications' multiply defined.


LaTeX Warning: Label `fig:dropdown_notifications' multiply defined.


LaTeX Warning: Label `fig:notification_history' multiply defined.


LaTeX Warning: Label `tab:sprint3_combined' multiply defined.


LaTeX Warning: Label `fig:usecasesp3' multiply defined.


LaTeX Warning: Label `tab:view_validated_notes_desc' multiply defined.


LaTeX Warning: Label `tab:reject_reimbursement_desc' multiply defined.


LaTeX Warning: Label `tab:confirm_payment_desc' multiply defined.


LaTeX Warning: Label `fig:seq_partial_reimb' multiply defined.


LaTeX Warning: Label `fig:seq_rejection' multiply defined.


LaTeX Warning: Label `fig:d√©ploiement_sp2' multiply defined.


LaTeX Warning: Label `fig:class_sprint3' multiply defined.


LaTeX Warning: Label `fig:validated_notes_list' multiply defined.


LaTeX Warning: Label `fig:reimbursement_form' multiply defined.


LaTeX Warning: Label `fig:reimbursement_list' multiply defined.


LaTeX Warning: Label `fig:order_details' multiply defined.


LaTeX Warning: Label `fig:payment_confirmation_modal' multiply defined.


LaTeX Warning: Label `fig:reject_modal' multiply defined.


LaTeX Warning: Label `fig:archive_page' multiply defined.


LaTeX Warning: Label `fig:internal_notes' multiply defined.


LaTeX Warning: Label `fig:internal_notes' multiply defined.


LaTeX Warning: Label `fig:internal_notes' multiply defined.


LaTeX Warning: Label `fig:admin_project_dashboard' multiply defined.


LaTeX Warning: Label `fig:exported_data' multiply defined.


LaTeX Warning: Label `fig:docker_containers' multiply defined.


LaTeX Warning: Label `tab:sprint4_combined' multiply defined.


LaTeX Warning: Label `fig:usecase_sprint4' multiply defined.


LaTeX Warning: Label `fig:lifecycle' multiply defined.


LaTeX Warning: Label `fig:class_sprint4' multiply defined.


LaTeX Warning: Label `fig:deploiement_sprint4' multiply defined.


LaTeX Warning: Label `tab:ocr_comparison' multiply defined.


LaTeX Warning: Label `fig:paddle_ocr' multiply defined.


LaTeX Warning: Label `fig:paddle_ocr2' multiply defined.


LaTeX Warning: Label `fig:tesseract' multiply defined.


LaTeX Warning: Label `tab:anomaly_distribution' multiply defined.


LaTeX Warning: Label `fig:anomaly_distribution' multiply defined.


LaTeX Warning: Label `fig:cleaner' multiply defined.


LaTeX Warning: Label `fig:faiss_add' multiply defined.


LaTeX Warning: Label `fig:sql_history' multiply defined.


LaTeX Warning: Label `fig:extracted_accord' multiply defined.


LaTeX Warning: Label `fig:compare' multiply defined.


LaTeX Warning: Label `fig:cm_hash' multiply defined.


LaTeX Warning: Label `fig:cm_bert' multiply defined.


LaTeX Warning: Label `fig:cm_faiss' multiply defined.


LaTeX Warning: Label `tab:dup_models' multiply defined.


LaTeX Warning: Label `fig:f1_duplicate' multiply defined.


LaTeX Warning: Label `fig:cm_mistral' multiply defined.


LaTeX Warning: Label `fig:cm_gemma' multiply defined.


LaTeX Warning: Label `fig:cm_llama' multiply defined.


LaTeX Warning: Label `tab:llm_models' multiply defined.


LaTeX Warning: Label `fig:radar_llm' multiply defined.


LaTeX Warning: Label `fig:architecture_deploiement' multiply defined.


LaTeX Warning: Label `fig:duplicate_alert' multiply defined.


LaTeX Warning: Label `fig:anomaly_detection_line' multiply defined.


LaTeX Warning: Label `fig:auto_fill_fields' multiply defined.


LaTeX Warning: Label `fig:auto_fill_fields' multiply defined.


LaTeX Warning: Label `fig:accord_analysis' multiply defined.


LaTeX Warning: Label `fig:receipt_validation' multiply defined.


LaTeX Warning: Label `fig:chatbot_patterns' multiply defined.


LaTeX Warning: Label `fig:chatbot_prompt' multiply defined.


LaTeX Warning: Label `fig:chatbot_session' multiply defined.


LaTeX Warning: Label `fig:chatbot_routing' multiply defined.


LaTeX Warning: Label `fig:chatbot_activity' multiply defined.


LaTeX Warning: Label `fig:chatbot_interface' multiply defined.


LaTeX Warning: Label `fig:employee_dashboard' multiply defined.


LaTeX Warning: Label `fig:employee_dashboard' multiply defined.


LaTeX Warning: Label `fig:employee_dashboard' multiply defined.


LaTeX Warning: Label `fig:employee_dashboard' multiply defined.


LaTeX Warning: Label `fig:manager_dashboard' multiply defined.


LaTeX Warning: Label `fig:manager_dashboard' multiply defined.


LaTeX Warning: Label `fig:manager_dashboard' multiply defined.


LaTeX Warning: Label `fig:manager_dashboard' multiply defined.


LaTeX Warning: Label `fig:manager_dashboard' multiply defined.


LaTeX Warning: Label `fig:manager_dashboard' multiply defined.


LaTeX Warning: Label `fig:admin_dashboard' multiply defined.


LaTeX Warning: Label `fig:admin_dashboard' multiply defined.


LaTeX Warning: Label `fig:admin_dashboard' multiply defined.


LaTeX Warning: Label `fig:admin_dashboard' multiply defined.


(C:\Users\ghofr\AppData\Local\Programs\MiKTeX\tex/generic/babel/locale/en\babel
-english.tex)
Package babel Info: Importing data for english
(babel)             from babel-en.ini. Reported on input line 1386.
)
\openout1 = `main.aux'.

LaTeX Font Info:    Checking defaults for OML/cmm/m/it on input line 93.
LaTeX Font Info:    ... okay on input line 93.
LaTeX Font Info:    Checking defaults for OMS/cmsy/m/n on input line 93.
LaTeX Font Info:    ... okay on input line 93.
LaTeX Font Info:    Checking defaults for OT1/cmr/m/n on input line 93.
LaTeX Font Info:    ... okay on input line 93.
LaTeX Font Info:    Checking defaults for T1/cmr/m/n on input line 93.
LaTeX Font Info:    ... okay on input line 93.
LaTeX Font Info:    Checking defaults for TS1/cmr/m/n on input line 93.
LaTeX Font Info:    ... okay on input line 93.
LaTeX Font Info:    Checking defaults for OMX/cmex/m/n on input line 93.
LaTeX Font Info:    ... okay on input line 93.
LaTeX Font Info:    Checking defaults for U/cmr/m/n on input line 93.
LaTeX Font Info:    ... okay on input line 93.
LaTeX Font Info:    Checking defaults for PD1/pdf/m/n on input line 93.
LaTeX Font Info:    ... okay on input line 93.
LaTeX Font Info:    Checking defaults for PU/pdf/m/n on input line 93.
LaTeX Font Info:    ... okay on input line 93.
LaTeX Info: Redefining \degres on input line 93.

(C:\Users\ghofr\AppData\Local\Programs\MiKTeX\tex/context/base/mkii\supp-pdf.mk
ii
[Loading MPS to PDF converter (version 2006.09.02).]
\scratchcounter=\count354
\scratchdimen=\dimen319
\scratchbox=\box75
\nofMPsegments=\count355
\nofMParguments=\count356
\everyMPshowfont=\toks47
\MPscratchCnt=\count357
\MPscratchDim=\dimen320
\MPnumerator=\count358
\makeMPintoPDFobject=\count359
\everyMPtoPDFconversion=\toks48
)
(C:\Users\ghofr\AppData\Local\Programs\MiKTeX\tex/latex/epstopdf-pkg\epstopdf-b
ase.sty
Package: epstopdf-base 2020-01-24 v2.11 Base part for package epstopdf
Package epstopdf-base Info: Redefining graphics rule for `.eps' on input line 4
85.

(C:\Users\ghofr\AppData\Local\Programs\MiKTeX\tex/latex/00miktex\epstopdf-sys.c
fg
File: epstopdf-sys.cfg 2021/03/18 v2.0 Configuration of epstopdf for MiKTeX
))
Package hyperref Info: Link coloring OFF on input line 93.
 (main.out) (main.out)
\@outlinefile=\write4
\openout4 = `main.out'.

Package caption Info: Begin \AtBeginDocument code.
Package caption Info: float package is loaded.
Package caption Info: longtable package is loaded.

(C:\Users\ghofr\AppData\Local\Programs\MiKTeX\tex/latex/caption\ltcaption.sty
Package: ltcaption 2021/01/08 v1.4c longtable captions (AR)
)
Package caption Info: End \AtBeginDocument code.

*geometry* driver: auto-detecting
*geometry* detected driver: pdftex
*geometry* verbose mode - [ preamble ] result:
* driver: pdftex
* paper: a4paper
* layout: <same size as paper>
* layoutoffset:(h,v)=(0.0pt,0.0pt)
* modes: 
* h-part:(L,W,R)=(71.13188pt, 455.24411pt, 71.13188pt)
* v-part:(T,H,B)=(71.13188pt, 702.78308pt, 71.13188pt)
* \paperwidth=597.50787pt
* \paperheight=845.04684pt
* \textwidth=455.24411pt
* \textheight=702.78308pt
* \oddsidemargin=-1.1381pt
* \evensidemargin=-1.1381pt
* \topmargin=-38.1381pt
* \headheight=14.61858pt
* \headsep=25.0pt
* \topskip=12.0pt
* \footskip=30.0pt
* \marginparwidth=35.0pt
* \marginparsep=10.0pt
* \columnsep=10.0pt
* \skip\footins=10.8pt plus 4.0pt minus 2.0pt
* \hoffset=0.0pt
* \voffset=0.0pt
* \mag=1000
* \@twocolumnfalse
* \@twosidefalse
* \@mparswitchfalse
* \@reversemarginfalse
* (1in=72.27pt=25.4mm, 1cm=28.453pt)


Package pgfplots Warning: running in backwards compatibility mode (unsuitable t
ick labels; missing features). Consider writing \pgfplotsset{compat=1.18} into 
your preamble.
 on input line 93.

LaTeX Font Info:    External font `cmex10' loaded for size
(Font)              <14.4> on input line 96.
LaTeX Font Info:    External font `cmex10' loaded for size
(Font)              <7> on input line 96.
[1

{C:/Users/ghofr/AppData/Local/MiKTeX/fonts/map/pdftex/pdftex.map}{C:/Users/ghof
r/AppData/Local/Programs/MiKTeX/fonts/enc/dvips/base/8r.enc}]
<basmala.png, id=1632, 1068.99374pt x 533.995pt>
File: basmala.png Graphic file (type png)
<use basmala.png>
Package pdftex.def Info: basmala.png  used on input line 100.
(pdftex.def)             Requested size: 386.95795pt x 210.84015pt.

pdfTeX warning (ext4): destination with the same identifier (name{page.1}) has 
been already used, duplicate ignored
<to be read again> 
                   \relax 
l.103 \newpage
               [1 <./basmala.png>]

! LaTeX Error: Unicode character ‚ù§ (U+2764)
               not set up for use with LaTeX.

See the LaTeX manual or LaTeX Companion for explanation.
Type  H <return>  for immediate help.
 ...                                              
                                                  
l.155 ...our et ma reconnaissance √©ternelle.} ‚ù§
                                                  Ô∏è
? r
OK, entering \nonstopmode...

! LaTeX Error: Unicode character Ô∏è (U+FE0F)
               not set up for use with LaTeX.

See the LaTeX manual or LaTeX Companion for explanation.
Type  H <return>  for immediate help.
 ...                                              
                                                  
l.155 ... et ma reconnaissance √©ternelle.} ‚ù§Ô∏è
                                                  
You may provide a definition with
\DeclareUnicodeCharacter 

[1

] (main.toc
LaTeX Font Info:    External font `cmex10' loaded for size
(Font)              <12> on input line 2.
LaTeX Font Info:    External font `cmex10' loaded for size
(Font)              <8> on input line 2.
LaTeX Font Info:    External font `cmex10' loaded for size
(Font)              <6> on input line 2.
 [2

]
Package babel Info: 'french' activates 'french' shorthands.
(babel)             Reported on input line 113.


Package fancyhdr Warning: \headheight is too small (14.61858pt): 
(fancyhdr)                Make it at least 15.13202pt, for example:
(fancyhdr)                \setlength{\headheight}{15.13202pt}.
(fancyhdr)                You might also make \topmargin smaller:
(fancyhdr)                \addtolength{\topmargin}{-0.51344pt}.

[3]

Package fancyhdr Warning: \headheight is too small (14.61858pt): 
(fancyhdr)                Make it at least 15.13202pt, for example:
(fancyhdr)                \setlength{\headheight}{15.13202pt}.
(fancyhdr)                You might also make \topmargin smaller:
(fancyhdr)                \addtolength{\topmargin}{-0.51344pt}.

[4]

Package fancyhdr Warning: \headheight is too small (14.61858pt): 
(fancyhdr)                Make it at least 15.13202pt, for example:
(fancyhdr)                \setlength{\headheight}{15.13202pt}.
(fancyhdr)                You might also make \topmargin smaller:
(fancyhdr)                \addtolength{\topmargin}{-0.51344pt}.

[5]

Package fancyhdr Warning: \headheight is too small (14.61858pt): 
(fancyhdr)                Make it at least 15.13202pt, for example:
(fancyhdr)                \setlength{\headheight}{15.13202pt}.
(fancyhdr)                You might also make \topmargin smaller:
(fancyhdr)                \addtolength{\topmargin}{-0.51344pt}.

[6]

Package fancyhdr Warning: \headheight is too small (14.61858pt): 
(fancyhdr)                Make it at least 15.13202pt, for example:
(fancyhdr)                \setlength{\headheight}{15.13202pt}.
(fancyhdr)                You might also make \topmargin smaller:
(fancyhdr)                \addtolength{\topmargin}{-0.51344pt}.

[7]

Package fancyhdr Warning: \headheight is too small (14.61858pt): 
(fancyhdr)                Make it at least 15.13202pt, for example:
(fancyhdr)                \setlength{\headheight}{15.13202pt}.
(fancyhdr)                You might also make \topmargin smaller:
(fancyhdr)                \addtolength{\topmargin}{-0.51344pt}.

[8]

Package fancyhdr Warning: \headheight is too small (14.61858pt): 
(fancyhdr)                Make it at least 15.13202pt, for example:
(fancyhdr)                \setlength{\headheight}{15.13202pt}.
(fancyhdr)                You might also make \topmargin smaller:
(fancyhdr)                \addtolength{\topmargin}{-0.51344pt}.

[9])
\tf@toc=\write5
\openout5 = `main.toc'.



Package fancyhdr Warning: \headheight is too small (14.61858pt): 
(fancyhdr)                Make it at least 15.13202pt, for example:
(fancyhdr)                \setlength{\headheight}{15.13202pt}.
(fancyhdr)                You might also make \topmargin smaller:
(fancyhdr)                \addtolength{\topmargin}{-0.51344pt}.

[10] (main.lof [11

] [12]
LaTeX Font Info:    Trying to load font information for T1+pcr on input line 11
1.

(C:\Users\ghofr\AppData\Local\Programs\MiKTeX\tex/latex/psnfss\t1pcr.fd
File: t1pcr.fd 2001/06/04 font definitions for T1/pcr.
)
[13] [14] [15] [16] [17])
\tf@lof=\write6
\openout6 = `main.lof'.

 [18] (main.lot [19

])
\tf@lot=\write7
\openout7 = `main.lot'.

 [20] [21


] [22]
pdfTeX warning (ext4): destination with the same identifier (name{page.1}) has 
been already used, duplicate ignored
<to be read again> 
                   \relax 
l.235 \chapter
              {Cadre g√©n√©ral du projet} [1


]
Chapitre 1.
[2

]
LaTeX Font Info:    External font `cmex10' loaded for size
(Font)              <5> on input line 257.


Package fancyhdr Warning: \headheight is too small (14.61858pt): 
(fancyhdr)                Make it at least 15.13202pt, for example:
(fancyhdr)                \setlength{\headheight}{15.13202pt}.
(fancyhdr)                You might also make \topmargin smaller:
(fancyhdr)                \addtolength{\topmargin}{-0.51344pt}.

[3

]
<coral-io logo.jpg, id=2718, 200.75pt x 200.75pt>
File: coral-io logo.jpg Graphic file (type jpg)
<use coral-io logo.jpg>
Package pdftex.def Info: coral-io logo.jpg  used on input line 274.
(pdftex.def)             Requested size: 136.57462pt x 136.58476pt.
<sap.png, id=2719, 542.025pt x 362.35374pt>
File: sap.png Graphic file (type png)
<use sap.png>
Package pdftex.def Info: sap.png  used on input line 293.
(pdftex.def)             Requested size: 455.25653pt x 281.11429pt.


Package fancyhdr Warning: \headheight is too small (14.61858pt): 
(fancyhdr)                Make it at least 15.13202pt, for example:
(fancyhdr)                \setlength{\headheight}{15.13202pt}.
(fancyhdr)                You might also make \topmargin smaller:
(fancyhdr)                \addtolength{\topmargin}{-0.51344pt}.

[4 <./coral-io logo.jpg>]
<expensya1.png, id=2724, 1541.76pt x 867.24pt>
File: expensya1.png Graphic file (type png)
<use expensya1.png>
Package pdftex.def Info: expensya1.png  used on input line 301.
(pdftex.def)             Requested size: 455.24411pt x 256.07178pt.


Package fancyhdr Warning: \headheight is too small (14.61858pt): 
(fancyhdr)                Make it at least 15.13202pt, for example:
(fancyhdr)                \setlength{\headheight}{15.13202pt}.
(fancyhdr)                You might also make \topmargin smaller:
(fancyhdr)                \addtolength{\topmargin}{-0.51344pt}.

[5 <./sap.png> <./expensya1.png>]
<rydoo.png, id=2730, 1003.75pt x 552.0625pt>
File: rydoo.png Graphic file (type png)
<use rydoo.png>
Package pdftex.def Info: rydoo.png  used on input line 311.
(pdftex.def)             Requested size: 227.62206pt x 125.18585pt.
LaTeX Info: Symbol \textrightarrow not provided by
            font family ptm in TS1 encoding.
            Default family used instead on input line 334.
LaTeX Info: Symbol \textrightarrow not provided by
            font family ptm in TS1 encoding.
            Default family used instead on input line 334.


Package fancyhdr Warning: \headheight is too small (14.61858pt): 
(fancyhdr)                Make it at least 15.13202pt, for example:
(fancyhdr)                \setlength{\headheight}{15.13202pt}.
(fancyhdr)                You might also make \topmargin smaller:
(fancyhdr)                \addtolength{\topmargin}{-0.51344pt}.

[6 <./rydoo.png (PNG copy)>]
Overfull \hbox (15.14473pt too wide) in alignment at lines 350--357
 [] [] [] [] 
 []


Overfull \hbox (15.14473pt too wide) in alignment at lines 357--363
 [] [] [] [] 
 []


Overfull \hbox (15.14473pt too wide) in alignment at lines 363--368
 [] [] [] [] 
 []


Overfull \hbox (15.14473pt too wide) in alignment at lines 368--371
 [] [] [] [] 
 []


Underfull \hbox (badness 10000) in paragraph at lines 373--373
[]|\T1/ptm/m/n/12 Suite in-tÈ-grÈe
 []


Underfull \hbox (badness 4454) in paragraph at lines 373--373
\T1/ptm/m/n/12 orien-tÈe grandes
 []


Underfull \hbox (badness 10000) in paragraph at lines 373--373
\T1/ptm/m/n/12 en-tre-prises,
 []


Underfull \hbox (badness 10000) in paragraph at lines 373--373
[]|\T1/ptm/m/n/12 SaaS tout[]en[]un
 []


Underfull \hbox (badness 3735) in paragraph at lines 373--374
[]|\T1/ptm/m/n/12 SaaS dÈ-diÈ aux
 []


Underfull \hbox (badness 10000) in paragraph at lines 375--375
[]|\T1/ptm/m/n/12 Non, so-lu-tion
 []


Underfull \hbox (badness 10000) in paragraph at lines 375--375
[]|\T1/ptm/m/n/12 Non, so-lu-tion
 []


Underfull \hbox (badness 10000) in paragraph at lines 375--376
[]|\T1/ptm/m/n/12 Non, so-lu-tion
 []


Underfull \hbox (badness 10000) in paragraph at lines 377--377
[]|\T1/ptm/m/n/12 Oui, per-for-
 []


Underfull \hbox (badness 10000) in paragraph at lines 377--377
\T1/ptm/m/n/12 mant, lec-ture
 []


Underfull \hbox (badness 5954) in paragraph at lines 377--377
\T1/ptm/m/n/12 au-to-ma-tique des
 []


Underfull \hbox (badness 2197) in paragraph at lines 377--377
[]|\T1/ptm/m/n/12 Oui, per-for-mant,
 []


Underfull \hbox (badness 10000) in paragraph at lines 377--378
[]|\T1/ptm/m/n/12 Oui, re-con-
 []


Underfull \hbox (badness 10000) in paragraph at lines 377--378
\T1/ptm/m/n/12 nais-sance au-
 []


Underfull \hbox (badness 10000) in paragraph at lines 377--378
\T1/ptm/m/n/12 to-ma-tique des
 []


Underfull \hbox (badness 1596) in paragraph at lines 379--379
\T1/ptm/m/n/12 com-plexe et ab-
 []


Underfull \hbox (badness 10000) in paragraph at lines 379--379
[]|\T1/ptm/m/n/12 Partielle, peut
 []


Underfull \hbox (badness 10000) in paragraph at lines 379--380
[]|\T1/ptm/m/n/12 Faible, so-lu-tion
 []


Underfull \hbox (badness 10000) in paragraph at lines 379--380
\T1/ptm/m/n/12 prin-ci-pa-le-ment
 []


Underfull \hbox (badness 10000) in paragraph at lines 379--380
\T1/ptm/m/n/12 eu-ro-pÈenne, ab-
 []


Underfull \hbox (badness 10000) in paragraph at lines 381--381
[]|\T1/ptm/m/n/12 Grandes en-
 []


Underfull \hbox (badness 10000) in paragraph at lines 381--381
\T1/ptm/m/n/12 tre-prises et
 []


Underfull \hbox (badness 10000) in paragraph at lines 383--383
[]|\T1/ptm/m/n/12 Complexe (pa-
 []


Underfull \hbox (badness 10000) in paragraph at lines 383--383
\T1/ptm/m/n/12 ra-mÈ-trage long,
 []


Underfull \hbox (badness 10000) in paragraph at lines 383--383
\T1/ptm/m/n/12 Èquipe pro-jet
 []


Underfull \hbox (badness 7796) in paragraph at lines 383--383
[]|\T1/ptm/m/n/12 Simple (ins-crip-
 []


Underfull \hbox (badness 10000) in paragraph at lines 383--383
\T1/ptm/m/n/12 tion en ligne,
 []


Underfull \hbox (badness 10000) in paragraph at lines 383--383
\T1/ptm/m/n/12 confi-gu-ra-tion
 []


Underfull \hbox (badness 1953) in paragraph at lines 383--384
\T1/ptm/m/n/12 ter-face mo-derne,
 []


Underfull \hbox (badness 10000) in paragraph at lines 383--384
\T1/ptm/m/n/12 on-boar-ding
 []


Underfull \hbox (badness 10000) in paragraph at lines 385--385
[]|\T1/ptm/m/n/12 Oui (work-
 []


Underfull \hbox (badness 10000) in paragraph at lines 385--385
\T1/ptm/m/n/12 flows confi-gu-
 []


Underfull \hbox (badness 10000) in paragraph at lines 385--385
[]|\T1/ptm/m/n/12 Oui (work-flows
 []


Underfull \hbox (badness 10000) in paragraph at lines 385--385
\T1/ptm/m/n/12 stan-dards, peu
 []


Underfull \hbox (badness 10000) in paragraph at lines 385--386
[]|\T1/ptm/m/n/12 Oui (work-flows
 []


Underfull \hbox (badness 10000) in paragraph at lines 385--386
\T1/ptm/m/n/12 flexibles, in-
 []


Underfull \hbox (badness 10000) in paragraph at lines 385--386
\T1/ptm/m/n/12 tÈ-gra-tion avec
 []


Underfull \hbox (badness 2165) in paragraph at lines 387--387
[]|\T1/ptm/m/n/12 Oui (rËgles mÈ-
 []


Underfull \hbox (badness 10000) in paragraph at lines 387--387
\T1/ptm/m/n/12 tier avan-cÈes,
 []


Underfull \hbox (badness 10000) in paragraph at lines 387--387
[]|\T1/ptm/m/n/12 Partielle (rËgles
 []


Underfull \hbox (badness 2460) in paragraph at lines 387--387
\T1/ptm/m/n/12 de base sur les
 []


Underfull \hbox (badness 3179) in paragraph at lines 387--388
[]|\T1/ptm/m/n/12 Oui (vÈ-ri-fi-ca-tion
 []


Underfull \hbox (badness 10000) in paragraph at lines 387--388
\T1/ptm/m/n/12 des jus-ti-fi-ca-
 []


Underfull \hbox (badness 10000) in paragraph at lines 387--388
\T1/ptm/m/n/12 tifs, alerte sur
 []


Underfull \hbox (badness 10000) in paragraph at lines 389--389
[]|\T1/ptm/m/n/12 Oui (au-to-ma-
 []


Underfull \hbox (badness 10000) in paragraph at lines 389--389
\T1/ptm/m/n/12 tique, taux en
 []


Underfull \hbox (badness 10000) in paragraph at lines 389--389
[]|\T1/ptm/m/n/12 Oui (au-to-ma-
 []


Underfull \hbox (badness 10000) in paragraph at lines 389--390
[]|\T1/ptm/m/n/12 Oui (sup-porte
 []


Underfull \hbox (badness 10000) in paragraph at lines 389--390
\T1/ptm/m/n/12 plu-sieurs de-
 []


Underfull \hbox (badness 2197) in paragraph at lines 391--391
\T1/ptm/m/n/12 pro-ces-sus comp-
 []


Underfull \hbox (badness 1762) in paragraph at lines 391--391
\T1/ptm/m/n/12 tion d'ordres de
 []


Underfull \hbox (badness 10000) in paragraph at lines 393--393
[]|\T1/ptm/m/n/12 Oui (avan-cÈs,
 []


Underfull \hbox (badness 10000) in paragraph at lines 393--393
[]|\T1/ptm/m/n/12 Oui (stan-dards,
 []


Underfull \hbox (badness 10000) in paragraph at lines 395--395
[]|\T1/ptm/m/n/12 Oui
 []


Underfull \hbox (badness 10000) in paragraph at lines 395--395
\T1/ptm/m/n/12 (multi[]formats,
 []


Underfull \hbox (badness 10000) in paragraph at lines 395--395
[]|\T1/ptm/m/n/12 Oui
 []


Underfull \hbox (badness 10000) in paragraph at lines 395--396
[]|\T1/ptm/m/n/12 Oui (in-tÈ-gra-tion
 []


Underfull \hbox (badness 1009) in paragraph at lines 395--396
\T1/ptm/m/n/12 avec Sage, SAP,
 []


Underfull \hbox (badness 10000) in paragraph at lines 397--397
[]|\T1/ptm/m/n/12 …levÈ (li-cences
 []


Underfull \hbox (badness 10000) in paragraph at lines 397--397
\T1/ptm/m/n/12 par uti-li-sa-teur,
 []


Underfull \hbox (badness 10000) in paragraph at lines 397--397
[]|\T1/ptm/m/n/12 ModÈrÈ (abon-
 []


Underfull \hbox (badness 1122) in paragraph at lines 397--397
\T1/ptm/m/n/12 ne-ment men-suel,
 []


Underfull \hbox (badness 3417) in paragraph at lines 397--398
[]|\T1/ptm/m/n/12 ModÈrÈ ‡ ÈlevÈ
 []


Underfull \hbox (badness 10000) in paragraph at lines 397--398
\T1/ptm/m/n/12 (se-lon les op-
 []


Underfull \hbox (badness 10000) in paragraph at lines 399--399
[]|\T1/ptm/m/n/12 Variable (se-lon
 []


Underfull \hbox (badness 2181) in paragraph at lines 399--400
[]|\T1/ptm/m/n/12 Court (au-to-ma-ti-
 []


Overfull \hbox (15.14473pt too wide) in alignment at lines 371--401
 [] [] [] [] 
 []

ignored error: Infinite glue shrinkage found in box being split

Package fancyhdr Warning: \headheight is too small (14.61858pt): 
(fancyhdr)                Make it at least 15.13202pt, for example:
(fancyhdr)                \setlength{\headheight}{15.13202pt}.
(fancyhdr)                You might also make \topmargin smaller:
(fancyhdr)                \addtolength{\topmargin}{-0.51344pt}.

[7]

Package fancyhdr Warning: \headheight is too small (14.61858pt): 
(fancyhdr)                Make it at least 15.13202pt, for example:
(fancyhdr)                \setlength{\headheight}{15.13202pt}.
(fancyhdr)                You might also make \topmargin smaller:
(fancyhdr)                \addtolength{\topmargin}{-0.51344pt}.

[8]
LaTeX Info: Symbol \textrightarrow not provided by
            font family ptm in TS1 encoding.
            Default family used instead on input line 427.
LaTeX Info: Symbol \textrightarrow not provided by
            font family ptm in TS1 encoding.
            Default family used instead on input line 427.


Package fancyhdr Warning: \headheight is too small (14.61858pt): 
(fancyhdr)                Make it at least 15.13202pt, for example:
(fancyhdr)                \setlength{\headheight}{15.13202pt}.
(fancyhdr)                You might also make \topmargin smaller:
(fancyhdr)                \addtolength{\topmargin}{-0.51344pt}.

[9]

Package fancyhdr Warning: \headheight is too small (14.61858pt): 
(fancyhdr)                Make it at least 15.13202pt, for example:
(fancyhdr)                \setlength{\headheight}{15.13202pt}.
(fancyhdr)                You might also make \topmargin smaller:
(fancyhdr)                \addtolength{\topmargin}{-0.51344pt}.

[10]
<scrum.png, id=2753, 859.71187pt x 404.26031pt>
File: scrum.png Graphic file (type png)
<use scrum.png>
Package pdftex.def Info: scrum.png  used on input line 476.
(pdftex.def)             Requested size: 364.19667pt x 171.25627pt.
<uml.png, id=2754, 225.84375pt x 225.84375pt>
File: uml.png Graphic file (type png)
<use uml.png>
Package pdftex.def Info: uml.png  used on input line 485.
(pdftex.def)             Requested size: 91.04742pt x 91.04922pt.


Package fancyhdr Warning: \headheight is too small (14.61858pt): 
(fancyhdr)                Make it at least 15.13202pt, for example:
(fancyhdr)                \setlength{\headheight}{15.13202pt}.
(fancyhdr)                You might also make \topmargin smaller:
(fancyhdr)                \addtolength{\topmargin}{-0.51344pt}.

[11 <./scrum.png>]
<vs.jpg, id=2760, 225.84375pt x 225.84375pt>
File: vs.jpg Graphic file (type jpg)
<use vs.jpg>
Package pdftex.def Info: vs.jpg  used on input line 524.
(pdftex.def)             Requested size: 45.52718pt x 45.52634pt.
<intellij.png, id=2761, 3854.4pt x 3854.4pt>
File: intellij.png Graphic file (type png)
<use intellij.png>
Package pdftex.def Info: intellij.png  used on input line 533.
(pdftex.def)             Requested size: 45.52718pt x 45.52151pt.


Package fancyhdr Warning: \headheight is too small (14.61858pt): 
(fancyhdr)                Make it at least 15.13202pt, for example:
(fancyhdr)                \setlength{\headheight}{15.13202pt}.
(fancyhdr)                You might also make \topmargin smaller:
(fancyhdr)                \addtolength{\topmargin}{-0.51344pt}.

[12 <./uml.png> <./vs.jpg>]
<pycharm.png, id=2768, 1284.8pt x 1284.8pt>
File: pycharm.png Graphic file (type png)
<use pycharm.png>
Package pdftex.def Info: pycharm.png  used on input line 542.
(pdftex.def)             Requested size: 45.52718pt x 45.52151pt.
<git.png, id=2769, 225.84375pt x 225.84375pt>
File: git.png Graphic file (type png)
<use git.png>
Package pdftex.def Info: git.png  used on input line 555.
(pdftex.def)             Requested size: 54.62706pt x 54.62747pt.
<github.png, id=2770, 225.84375pt x 225.84375pt>
File: github.png Graphic file (type png)
<use github.png>
Package pdftex.def Info: github.png  used on input line 564.
(pdftex.def)             Requested size: 45.52718pt x 45.52634pt.
<draw.io.png, id=2771, 225.84375pt x 225.84375pt>
File: draw.io.png Graphic file (type png)
<use draw.io.png>
Package pdftex.def Info: draw.io.png  used on input line 577.
(pdftex.def)             Requested size: 45.52718pt x 45.52634pt.


Package fancyhdr Warning: \headheight is too small (14.61858pt): 
(fancyhdr)                Make it at least 15.13202pt, for example:
(fancyhdr)                \setlength{\headheight}{15.13202pt}.
(fancyhdr)                You might also make \topmargin smaller:
(fancyhdr)                \addtolength{\topmargin}{-0.51344pt}.

[13 <./intellij.png> <./pycharm.png> <./git.png> <./github.png>]
<figma2.png, id=2783, 183.68625pt x 276.03125pt>
File: figma2.png Graphic file (type png)
<use figma2.png>
Package pdftex.def Info: figma2.png  used on input line 586.
(pdftex.def)             Requested size: 40.97029pt x 61.56522pt.
<angular.png, id=2784, 247.92625pt x 204.765pt>
File: angular.png Graphic file (type png)
<use angular.png>
Package pdftex.def Info: angular.png  used on input line 599.
(pdftex.def)             Requested size: 68.28383pt x 56.39645pt.
<ts.png, id=2785, 225.84375pt x 225.84375pt>
File: ts.png Graphic file (type png)
<use ts.png>
Package pdftex.def Info: ts.png  used on input line 608.
(pdftex.def)             Requested size: 45.52718pt x 45.52634pt.
<html.png, id=2786, 250.9375pt x 250.9375pt>
File: html.png Graphic file (type png)
<use html.png>
Package pdftex.def Info: html.png  used on input line 617.
(pdftex.def)             Requested size: 45.52718pt x 45.52672pt.


Package fancyhdr Warning: \headheight is too small (14.61858pt): 
(fancyhdr)                Make it at least 15.13202pt, for example:
(fancyhdr)                \setlength{\headheight}{15.13202pt}.
(fancyhdr)                You might also make \topmargin smaller:
(fancyhdr)                \addtolength{\topmargin}{-0.51344pt}.

[14 <./draw.io.png> <./figma2.png> <./angular.png> <./ts.png> <./html.png>]
<scss.png, id=2797, 3854.4pt x 2889.79625pt>
File: scss.png Graphic file (type png)
<use scss.png>
Package pdftex.def Info: scss.png  used on input line 626.
(pdftex.def)             Requested size: 45.52718pt x 34.12927pt.
<bootstrap.jpg, id=2798, 252.945pt x 200.75pt>
File: bootstrap.jpg Graphic file (type jpg)
<use bootstrap.jpg>
Package pdftex.def Info: bootstrap.jpg  used on input line 635.
(pdftex.def)             Requested size: 45.52718pt x 36.13037pt.
<sb.png, id=2799, 225.84375pt x 224.84pt>
File: sb.png Graphic file (type png)
<use sb.png>
Package pdftex.def Info: sb.png  used on input line 648.
(pdftex.def)             Requested size: 54.62706pt x 54.38467pt.
<java.png, id=2800, 355.3275pt x 661.47125pt>
File: java.png Graphic file (type png)
<use java.png>
Package pdftex.def Info: java.png  used on input line 657.
(pdftex.def)             Requested size: 45.52718pt x 84.7528pt.
<python.jpg, id=2801, 225.84375pt x 225.84375pt>
File: python.jpg Graphic file (type jpg)
<use python.jpg>
Package pdftex.def Info: python.jpg  used on input line 666.
(pdftex.def)             Requested size: 45.52718pt x 45.52634pt.


Package fancyhdr Warning: \headheight is too small (14.61858pt): 
(fancyhdr)                Make it at least 15.13202pt, for example:
(fancyhdr)                \setlength{\headheight}{15.13202pt}.
(fancyhdr)                You might also make \topmargin smaller:
(fancyhdr)                \addtolength{\topmargin}{-0.51344pt}.

[15 <./scss.png> <./bootstrap.jpg> <./sb.png> <./java.png>]
<fapi.png, id=2810, 225.84375pt x 225.84375pt>
File: fapi.png Graphic file (type png)
<use fapi.png>
Package pdftex.def Info: fapi.png  used on input line 675.
(pdftex.def)             Requested size: 45.52718pt x 45.52634pt.
<pgsql.png, id=2811, 221.82875pt x 228.855pt>
File: pgsql.png Graphic file (type png)
<use pgsql.png>
Package pdftex.def Info: pgsql.png  used on input line 688.
(pdftex.def)             Requested size: 54.62706pt x 56.35455pt.
<keycloak.jpg, id=2812, 225.84375pt x 225.84375pt>
File: keycloak.jpg Graphic file (type jpg)
<use keycloak.jpg>
Package pdftex.def Info: keycloak.jpg  used on input line 701.
(pdftex.def)             Requested size: 68.28383pt x 68.28433pt.
<docker1.png, id=2813, 472.76625pt x 107.40125pt>
File: docker1.png Graphic file (type png)
<use docker1.png>
Package pdftex.def Info: docker1.png  used on input line 714.
(pdftex.def)             Requested size: 113.81102pt x 25.85548pt.


Package fancyhdr Warning: \headheight is too small (14.61858pt): 
(fancyhdr)                Make it at least 15.13202pt, for example:
(fancyhdr)                \setlength{\headheight}{15.13202pt}.
(fancyhdr)                You might also make \topmargin smaller:
(fancyhdr)                \addtolength{\topmargin}{-0.51344pt}.

[16 <./python.jpg> <./fapi.png> <./pgsql.png> <./keycloak.jpg>]
<postman.png, id=2823, 513.92pt x 513.92pt>
File: postman.png Graphic file (type png)
<use postman.png>
Package pdftex.def Info: postman.png  used on input line 727.
(pdftex.def)             Requested size: 45.52718pt x 45.52151pt.


Package fancyhdr Warning: \headheight is too small (14.61858pt): 
(fancyhdr)                Make it at least 15.13202pt, for example:
(fancyhdr)                \setlength{\headheight}{15.13202pt}.
(fancyhdr)                You might also make \topmargin smaller:
(fancyhdr)                \addtolength{\topmargin}{-0.51344pt}.

[17 <./docker1.png> <./postman.png>]

Package fancyhdr Warning: \headheight is too small (14.61858pt): 
(fancyhdr)                Make it at least 15.13202pt, for example:
(fancyhdr)                \setlength{\headheight}{15.13202pt}.
(fancyhdr)                You might also make \topmargin smaller:
(fancyhdr)                \addtolength{\topmargin}{-0.51344pt}.

[18]
Chapitre 2.
[19

]

Package fancyhdr Warning: \headheight is too small (14.61858pt): 
(fancyhdr)                Make it at least 15.13202pt, for example:
(fancyhdr)                \setlength{\headheight}{15.13202pt}.
(fancyhdr)                You might also make \topmargin smaller:
(fancyhdr)                \addtolength{\topmargin}{-0.51344pt}.

[20

]

Package fancyhdr Warning: \headheight is too small (14.61858pt): 
(fancyhdr)                Make it at least 15.13202pt, for example:
(fancyhdr)                \setlength{\headheight}{15.13202pt}.
(fancyhdr)                You might also make \topmargin smaller:
(fancyhdr)                \addtolength{\topmargin}{-0.51344pt}.

[21]

Package fancyhdr Warning: \headheight is too small (14.61858pt): 
(fancyhdr)                Make it at least 15.13202pt, for example:
(fancyhdr)                \setlength{\headheight}{15.13202pt}.
(fancyhdr)                You might also make \topmargin smaller:
(fancyhdr)                \addtolength{\topmargin}{-0.51344pt}.

[22]

Package fancyhdr Warning: \headheight is too small (14.61858pt): 
(fancyhdr)                Make it at least 15.13202pt, for example:
(fancyhdr)                \setlength{\headheight}{15.13202pt}.
(fancyhdr)                You might also make \topmargin smaller:
(fancyhdr)                \addtolength{\topmargin}{-0.51344pt}.

[23]

! LaTeX Error: \begin{enumerate} on input line 862 ended by \end{itemize}.

See the LaTeX manual or LaTeX Companion for explanation.
Type  H <return>  for immediate help.
 ...                                              
                                                  
l.868 \end{itemize}
                   
Your command was ignored.
Type  I <command> <return>  to replace it with another command,
or  <return>  to continue without it.


Package fancyhdr Warning: \headheight is too small (14.61858pt): 
(fancyhdr)                Make it at least 15.13202pt, for example:
(fancyhdr)                \setlength{\headheight}{15.13202pt}.
(fancyhdr)                You might also make \topmargin smaller:
(fancyhdr)                \addtolength{\topmargin}{-0.51344pt}.

[24]

! LaTeX Error: \begin{enumerate} on input line 872 ended by \end{itemize}.

See the LaTeX manual or LaTeX Companion for explanation.
Type  H <return>  for immediate help.
 ...                                              
                                                  
l.879 \end{itemize}
                   
Your command was ignored.
Type  I <command> <return>  to replace it with another command,
or  <return>  to continue without it.


Package fancyhdr Warning: \headheight is too small (14.61858pt): 
(fancyhdr)                Make it at least 15.13202pt, for example:
(fancyhdr)                \setlength{\headheight}{15.13202pt}.
(fancyhdr)                You might also make \topmargin smaller:
(fancyhdr)                \addtolength{\topmargin}{-0.51344pt}.

[25]

Package fancyhdr Warning: \headheight is too small (14.61858pt): 
(fancyhdr)                Make it at least 15.13202pt, for example:
(fancyhdr)                \setlength{\headheight}{15.13202pt}.
(fancyhdr)                You might also make \topmargin smaller:
(fancyhdr)                \addtolength{\topmargin}{-0.51344pt}.

[26]
Chapitre 3.
[27

]
LaTeX Info: Symbol \textrightarrow not provided by
            font family ptm in TS1 encoding.
            Default family used instead on input line 952.
LaTeX Info: Symbol \textrightarrow not provided by
            font family ptm in TS1 encoding.
            Default family used instead on input line 952.


Package fancyhdr Warning: \headheight is too small (14.61858pt): 
(fancyhdr)                Make it at least 15.13202pt, for example:
(fancyhdr)                \setlength{\headheight}{15.13202pt}.
(fancyhdr)                You might also make \topmargin smaller:
(fancyhdr)                \addtolength{\topmargin}{-0.51344pt}.

[28

]

Package fancyhdr Warning: \headheight is too small (14.61858pt): 
(fancyhdr)                Make it at least 15.13202pt, for example:
(fancyhdr)                \setlength{\headheight}{15.13202pt}.
(fancyhdr)                You might also make \topmargin smaller:
(fancyhdr)                \addtolength{\topmargin}{-0.51344pt}.

[29]
Overfull \hbox (28.54716pt too wide) in alignment at lines 1012--1016
 [] [] [] [] [] 
 []


Overfull \hbox (28.54716pt too wide) in alignment at lines 1016--1021
 [] [] [] [] [] 
 []


Overfull \hbox (28.54716pt too wide) in alignment at lines 1021--1026
 [] [] [] [] [] 
 []


Overfull \hbox (28.54716pt too wide) in alignment at lines 1026--1029
 [] [] [] [] [] 
 []


Underfull \hbox (badness 2401) in paragraph at lines 1031--1031
[]|\T1/ptm/m/n/12 En tant qu'ad-mi-nis-tra-teur, je veux crÈer un
 []


Underfull \hbox (badness 1590) in paragraph at lines 1039--1039
[]|\T1/ptm/m/n/12 En tant qu'ad-mi-nis-tra-teur, je veux fil-trer les
 []


Overfull \hbox (22.7623pt too wide) in paragraph at lines 1052--1052
[]$| 
 []


Overfull \hbox (22.7623pt too wide) in paragraph at lines 1065--1065
[]|[]| 
 []


Overfull \hbox (22.7623pt too wide) in paragraph at lines 1097--1097
[]$| 
 []


Overfull \hbox (14.22638pt too wide) in paragraph at lines 1132--1132
[]$| 
 []


Underfull \hbox (badness 2460) in paragraph at lines 1136--1136
[]|\T1/ptm/m/n/12 En tant qu'ad-mi-nis-tra-teur, je veux consul-ter
 []


Underfull \hbox (badness 2460) in paragraph at lines 1142--1142
[]|\T1/ptm/m/n/12 En tant qu'ad-mi-nis-tra-teur, je veux consul-ter
 []


Underfull \hbox (badness 1389) in paragraph at lines 1150--1150
[]|\T1/ptm/m/n/12 En tant qu'ad-mi-nis-tra-teur, je veux vi-sua-li-ser,
 []


Overfull \hbox (5.08574pt too wide) in paragraph at lines 1161--1161
[]|\T1/ptm/m/n/12 DÈploiement| 
 []


Overfull \hbox (28.54716pt too wide) in alignment at lines 1029--1185
 [] [] [] [] [] 
 []

ignored error: Infinite glue shrinkage found in box being split

Package fancyhdr Warning: \headheight is too small (14.61858pt): 
(fancyhdr)                Make it at least 15.13202pt, for example:
(fancyhdr)                \setlength{\headheight}{15.13202pt}.
(fancyhdr)                You might also make \topmargin smaller:
(fancyhdr)                \addtolength{\topmargin}{-0.51344pt}.

[30]
ignored error: Infinite glue shrinkage found in box being split

Package fancyhdr Warning: \headheight is too small (14.61858pt): 
(fancyhdr)                Make it at least 15.13202pt, for example:
(fancyhdr)                \setlength{\headheight}{15.13202pt}.
(fancyhdr)                You might also make \topmargin smaller:
(fancyhdr)                \addtolength{\topmargin}{-0.51344pt}.

[31]
ignored error: Infinite glue shrinkage found in box being split

Package fancyhdr Warning: \headheight is too small (14.61858pt): 
(fancyhdr)                Make it at least 15.13202pt, for example:
(fancyhdr)                \setlength{\headheight}{15.13202pt}.
(fancyhdr)                You might also make \topmargin smaller:
(fancyhdr)                \addtolength{\topmargin}{-0.51344pt}.

[32]
ignored error: Infinite glue shrinkage found in box being split

Package fancyhdr Warning: \headheight is too small (14.61858pt): 
(fancyhdr)                Make it at least 15.13202pt, for example:
(fancyhdr)                \setlength{\headheight}{15.13202pt}.
(fancyhdr)                You might also make \topmargin smaller:
(fancyhdr)                \addtolength{\topmargin}{-0.51344pt}.

[33]
ignored error: Infinite glue shrinkage found in box being split

Package fancyhdr Warning: \headheight is too small (14.61858pt): 
(fancyhdr)                Make it at least 15.13202pt, for example:
(fancyhdr)                \setlength{\headheight}{15.13202pt}.
(fancyhdr)                You might also make \topmargin smaller:
(fancyhdr)                \addtolength{\topmargin}{-0.51344pt}.

[34]
ignored error: Infinite glue shrinkage found in box being split

Package fancyhdr Warning: \headheight is too small (14.61858pt): 
(fancyhdr)                Make it at least 15.13202pt, for example:
(fancyhdr)                \setlength{\headheight}{15.13202pt}.
(fancyhdr)                You might also make \topmargin smaller:
(fancyhdr)                \addtolength{\topmargin}{-0.51344pt}.

[35]
ignored error: Infinite glue shrinkage found in box being split

Package fancyhdr Warning: \headheight is too small (14.61858pt): 
(fancyhdr)                Make it at least 15.13202pt, for example:
(fancyhdr)                \setlength{\headheight}{15.13202pt}.
(fancyhdr)                You might also make \topmargin smaller:
(fancyhdr)                \addtolength{\topmargin}{-0.51344pt}.

[36]

Package caption Warning: \setcaptiontype
(caption)                outside box or environment on input line 1187.
See the caption package documentation for explanation.


Package caption Warning: The option `hypcap=true' will be ignored for this
(caption)                particular \caption on input line 1187.
See the caption package documentation for explanation.


Underfull \hbox (badness 10000) in paragraph at lines 1198--1198
[]|\T1/ptm/b/n/12 Date
 []


Underfull \hbox (badness 10000) in paragraph at lines 1198--1199
[]|\T1/ptm/b/n/12 Date
 []


Underfull \hbox (badness 2556) in paragraph at lines 1200--1200
[]|\T1/ptm/m/n/12 US-1 ‡ US-31 (Comptes,
 []


Underfull \hbox (badness 10000) in paragraph at lines 1202--1202
[]|\T1/ptm/b/n/12 CrÈation et ges-tion des
 []


Underfull \hbox (badness 10000) in paragraph at lines 1202--1202
[]|\T1/ptm/m/n/12 US-32 ‡ US-48 (Notes
 []


Underfull \hbox (badness 1701) in paragraph at lines 1202--1202
\T1/ptm/m/n/12 de frais, de-vises, no-ti-fi-ca-
 []


Underfull \hbox (badness 10000) in paragraph at lines 1202--1202
\T1/ptm/m/n/12 tions em-ployÈ/manager,
 []


Underfull \hbox (badness 5667) in paragraph at lines 1202--1202
\T1/ptm/m/n/12 vi-sua-li-sa-tion dÈ-pas-se-ments
 []


Underfull \hbox (badness 1072) in paragraph at lines 1204--1204
[]|\T1/ptm/b/n/12 Remboursement, notes in-
 []


Underfull \hbox (badness 5817) in paragraph at lines 1204--1204
[]|\T1/ptm/m/n/12 US-49 ‡ US-63 (Alertes
 []


Underfull \hbox (badness 10000) in paragraph at lines 1204--1204
\T1/ptm/m/n/12 in-ternes, rem-bour-se-ments,
 []


Underfull \hbox (badness 10000) in paragraph at lines 1204--1204
\T1/ptm/m/n/12 ordres de paie-ment, vi-
 []


Underfull \hbox (badness 10000) in paragraph at lines 1204--1204
\T1/ptm/m/n/12 sua-li-sa-tion dÈ-pas-se-ments
 []


Underfull \hbox (badness 4927) in paragraph at lines 1204--1204
\T1/ptm/m/n/12 rem-bour-se-ment, da-sh-board
 []


Underfull \hbox (badness 2435) in paragraph at lines 1204--1204
\T1/ptm/m/n/12 ex-port Ex-cel, dÈ-ploie-ment
 []


Underfull \hbox (badness 10000) in paragraph at lines 1206--1206
\T1/ptm/m/n/12 des dou-blons, mon-tants
 []


Underfull \hbox (badness 10000) in paragraph at lines 1206--1206
\T1/ptm/m/n/12 sus-pects, ano-ma-lies jus-
 []


Underfull \hbox (badness 10000) in paragraph at lines 1206--1206
\T1/ptm/m/n/12 ti-fi-ca-tifs, in-co-hÈ-rences
 []


Underfull \hbox (badness 10000) in paragraph at lines 1206--1206
\T1/ptm/m/n/12 ac-cord/form, rem-plis-
 []


Underfull \hbox (badness 10000) in paragraph at lines 1206--1206
\T1/ptm/m/n/12 sage au-to-ma-tique des
 []


Underfull \hbox (badness 10000) in paragraph at lines 1206--1206
\T1/ptm/m/n/12 fac-tures, da-sh-boards em-
 []


Underfull \hbox (badness 10000) in paragraph at lines 1206--1206
\T1/ptm/m/n/12 ployÈ/manager/admin,
 []


Overfull \hbox (16.87534pt too wide) in paragraph at lines 1196--1209
 [][] 
 []


Package fancyhdr Warning: \headheight is too small (14.61858pt): 
(fancyhdr)                Make it at least 15.13202pt, for example:
(fancyhdr)                \setlength{\headheight}{15.13202pt}.
(fancyhdr)                You might also make \topmargin smaller:
(fancyhdr)                \addtolength{\topmargin}{-0.51344pt}.

[37]

Package fancyhdr Warning: \headheight is too small (14.61858pt): 
(fancyhdr)                Make it at least 15.13202pt, for example:
(fancyhdr)                \setlength{\headheight}{15.13202pt}.
(fancyhdr)                You might also make \topmargin smaller:
(fancyhdr)                \addtolength{\topmargin}{-0.51344pt}.

[38]
Overfull \hbox (16.79764pt too wide) in paragraph at lines 1216--1216
[]|\T1/ptm/b/n/12 FonctionnalitÈ| 
 []


Overfull \hbox (16.79764pt too wide) in paragraph at lines 1221--1221
[]|\T1/ptm/b/n/12 FonctionnalitÈ| 
 []


Underfull \hbox (badness 1199) in paragraph at lines 1234--1235
[]\T1/ptm/m/n/12 L'administrateur rem-plit un for-mu-laire
 []


Underfull \hbox (badness 1400) in paragraph at lines 1236--1237
[]\T1/ptm/m/n/12 L'utilisateur doit chan-ger son mot de
 []

LaTeX Info: Symbol \textrightarrow not provided by
            font family ptm in TS1 encoding.
            Default family used instead on input line 1237.

Underfull \hbox (badness 1072) in paragraph at lines 1248--1249
[]\T1/ptm/m/n/12 Les mo-di-fi-ca-tions sont im-mÈ-dia-te-ment
 []


Underfull \hbox (badness 1082) in paragraph at lines 1254--1255
[]\T1/ptm/m/n/12 Un compte dÈsac-tivÈ ne peut plus se
 []

LaTeX Info: Symbol \textrightarrow not provided by
            font family ptm in TS1 encoding.
            Default family used instead on input line 1260.
LaTeX Info: Symbol \textrightarrow not provided by
            font family ptm in TS1 encoding.
            Default family used instead on input line 1261.
LaTeX Info: Symbol \textrightarrow not provided by
            font family ptm in TS1 encoding.
            Default family used instead on input line 1262.

Overfull \hbox (9.74162pt too wide) in paragraph at lines 1266--1266
[]|[]| 
 []


Underfull \hbox (badness 10000) in paragraph at lines 1266--1266
[]|\T1/ptm/m/n/12 US-
 []


Underfull \hbox (badness 10000) in paragraph at lines 1272--1272
[]|\T1/ptm/m/n/12 US-
 []


Underfull \hbox (badness 3601) in paragraph at lines 1274--1275
[]\T1/ptm/m/n/12 PossibilitÈ de fil-trer par sta-tut (AC-
 []


Underfull \hbox (badness 10000) in paragraph at lines 1278--1278
[]|\T1/ptm/m/n/12 US-
 []


Underfull \hbox (badness 10000) in paragraph at lines 1285--1285
[]|\T1/ptm/m/n/12 US-
 []


Underfull \hbox (badness 10000) in paragraph at lines 1291--1291
[]|\T1/ptm/m/n/12 US-
 []


Underfull \hbox (badness 10000) in paragraph at lines 1296--1296
[]|\T1/ptm/m/n/12 US-
 []


Underfull \hbox (badness 10000) in paragraph at lines 1302--1302
[]|\T1/ptm/m/n/12 US-
 []


Underfull \hbox (badness 1845) in paragraph at lines 1303--1304
[]\T1/ptm/m/n/12 L'administrateur peut af-fec-ter un em-
 []


Underfull \hbox (badness 10000) in paragraph at lines 1309--1309
[]|\T1/ptm/m/n/12 US-
 []


Underfull \hbox (badness 10000) in paragraph at lines 1315--1315
[]|\T1/ptm/m/n/12 US-
 []


Underfull \hbox (badness 6001) in paragraph at lines 1317--1318
[]\T1/ptm/m/n/12 PossibilitÈ de fil-trer par sta-tut (ac-
 []


Underfull \hbox (badness 10000) in paragraph at lines 1320--1320
[]|\T1/ptm/m/n/12 US-
 []


Underfull \hbox (badness 10000) in paragraph at lines 1326--1326
[]|\T1/ptm/m/n/12 US-
 []


Overfull \hbox (9.74165pt too wide) in paragraph at lines 1334--1334
[]|[]| 
 []


Underfull \hbox (badness 10000) in paragraph at lines 1334--1334
[]|\T1/ptm/m/n/12 US-
 []


Underfull \hbox (badness 1221) in paragraph at lines 1337--1338
[]\T1/ptm/m/n/12 La note est en-re-gis-trÈe avec le sta-tut
 []


Underfull \hbox (badness 10000) in paragraph at lines 1341--1341
[]|\T1/ptm/m/n/12 US-
 []


Underfull \hbox (badness 10000) in paragraph at lines 1342--1343
[]\T1/ptm/m/n/12 L'utilisateur sÈ-lec-tionne une de-vise
 []


Underfull \hbox (badness 10000) in paragraph at lines 1347--1347
[]|\T1/ptm/m/n/12 US-
 []


Underfull \hbox (badness 1057) in paragraph at lines 1348--1349
[]\T1/ptm/m/n/12 L'employÈ voit ses notes dans un ta-
 []


Underfull \hbox (badness 10000) in paragraph at lines 1353--1353
[]|\T1/ptm/m/n/12 US-
 []


Underfull \hbox (badness 10000) in paragraph at lines 1354--1355
[]\T1/ptm/m/n/12 L'employÈ peut mo-di-fier une note
 []


Underfull \hbox (badness 5563) in paragraph at lines 1356--1357
[]\T1/ptm/m/n/12 L'employÈ peut sup-pri-mer une note
 []


Underfull \hbox (badness 10000) in paragraph at lines 1359--1359
[]|\T1/ptm/m/n/12 US-
 []


Underfull \hbox (badness 10000) in paragraph at lines 1364--1364
[]|\T1/ptm/m/n/12 US-
 []


Underfull \hbox (badness 10000) in paragraph at lines 1370--1370
[]|\T1/ptm/m/n/12 US-
 []


Underfull \hbox (badness 1194) in paragraph at lines 1372--1373
[]\T1/ptm/m/n/12 La no-ti-fi-ca-tion contient le nu-mÈro de
 []


Underfull \hbox (badness 10000) in paragraph at lines 1375--1375
[]|\T1/ptm/m/n/12 US-
 []


Underfull \hbox (badness 10000) in paragraph at lines 1381--1381
[]|\T1/ptm/m/n/12 US-
 []


Underfull \hbox (badness 10000) in paragraph at lines 1387--1387
[]|\T1/ptm/m/n/12 US-
 []


Underfull \hbox (badness 2158) in paragraph at lines 1388--1389
\T1/ptm/m/n/12 pact bud-gÈ-taire prÈ-vi-sion-nel (nou-veau
 []


Underfull \hbox (badness 10000) in paragraph at lines 1392--1392
[]|\T1/ptm/m/n/12 US-
 []


Overfull \hbox (26.42152pt too wide) in paragraph at lines 1398--1398
[]|[]| 
 []


Underfull \hbox (badness 10000) in paragraph at lines 1398--1398
[]|\T1/ptm/m/n/12 US-
 []


Underfull \hbox (badness 10000) in paragraph at lines 1403--1403
[]|\T1/ptm/m/n/12 US-
 []


Underfull \hbox (badness 10000) in paragraph at lines 1409--1409
[]|\T1/ptm/m/n/12 US-
 []


Underfull \hbox (badness 10000) in paragraph at lines 1415--1415
[]|\T1/ptm/m/n/12 US-
 []


Underfull \hbox (badness 3148) in paragraph at lines 1416--1417
[]\T1/ptm/m/n/12 L'administrateur peut rem-bour-ser une
 []


Underfull \hbox (badness 10000) in paragraph at lines 1422--1422
[]|\T1/ptm/m/n/12 US-
 []


Underfull \hbox (badness 4096) in paragraph at lines 1424--1425
[]\T1/ptm/m/n/12 L'ordre contient : nu-mÈro, em-ployÈ,
 []


Underfull \hbox (badness 10000) in paragraph at lines 1427--1427
[]|\T1/ptm/m/n/12 US-
 []


Underfull \hbox (badness 4156) in paragraph at lines 1428--1429
[]\T1/ptm/m/n/12 L'administrateur voit tous les ordres
 []


Underfull \hbox (badness 10000) in paragraph at lines 1428--1429
\T1/ptm/m/n/12 de paie-ment en at-tente (sta-tut
 []


Underfull \hbox (badness 10000) in paragraph at lines 1432--1432
[]|\T1/ptm/m/n/12 US-
 []


Underfull \hbox (badness 3769) in paragraph at lines 1436--1437
[]\T1/ptm/m/n/12 L'employÈ re-Áoit une no-ti-fi-ca-tion de
 []


Underfull \hbox (badness 10000) in paragraph at lines 1439--1439
[]|\T1/ptm/m/n/12 US-
 []


Underfull \hbox (badness 10000) in paragraph at lines 1444--1444
[]|\T1/ptm/m/n/12 US-
 []


Underfull \hbox (badness 10000) in paragraph at lines 1450--1450
[]|\T1/ptm/m/n/12 US-
 []


Underfull \hbox (badness 10000) in paragraph at lines 1456--1456
[]|\T1/ptm/m/n/12 US-
 []


Underfull \hbox (badness 10000) in paragraph at lines 1462--1462
[]|\T1/ptm/m/n/12 US-
 []


Underfull \hbox (badness 10000) in paragraph at lines 1468--1468
[]|\T1/ptm/m/n/12 US-
 []


Underfull \hbox (badness 1242) in paragraph at lines 1471--1472
[]\T1/ptm/m/n/12 L'utilisateur peut mo-di-fier les champs
 []


Underfull \hbox (badness 10000) in paragraph at lines 1474--1474
[]|\T1/ptm/m/n/12 US-
 []


Underfull \hbox (badness 1092) in paragraph at lines 1475--1476
\T1/ptm/m/n/12 clen-cher une ana-lyse IA qui com-pare
 []


Underfull \hbox (badness 10000) in paragraph at lines 1481--1481
[]|\T1/ptm/m/n/12 US-
 []


Underfull \hbox (badness 3977) in paragraph at lines 1483--1484
[]\T1/ptm/m/n/12 Filtres dis-po-nibles : au-jour-d'hui, se-
 []


Underfull \hbox (badness 10000) in paragraph at lines 1487--1487
[]|\T1/ptm/m/n/12 US-
 []


Underfull \hbox (badness 10000) in paragraph at lines 1493--1493
[]|\T1/ptm/m/n/12 US-
 []


Underfull \hbox (badness 1275) in paragraph at lines 1495--1496
[]\T1/ptm/m/n/12 Graphiques : Èvo-lu-tion fi-nan-ciËre, top
 []


Underfull \hbox (badness 8019) in paragraph at lines 1495--1496
\T1/ptm/m/n/12 dÈ-pen-siers, rÈ-par-ti-tion par ca-tÈ-go-rie,
 []


Underfull \hbox (badness 10000) in paragraph at lines 1500--1500
[]|\T1/ptm/m/n/12 US-
 []

ignored error: Infinite glue shrinkage found in box being split

Package fancyhdr Warning: \headheight is too small (14.61858pt): 
(fancyhdr)                Make it at least 15.13202pt, for example:
(fancyhdr)                \setlength{\headheight}{15.13202pt}.
(fancyhdr)                You might also make \topmargin smaller:
(fancyhdr)                \addtolength{\topmargin}{-0.51344pt}.

[39]
ignored error: Infinite glue shrinkage found in box being split

Package fancyhdr Warning: \headheight is too small (14.61858pt): 
(fancyhdr)                Make it at least 15.13202pt, for example:
(fancyhdr)                \setlength{\headheight}{15.13202pt}.
(fancyhdr)                You might also make \topmargin smaller:
(fancyhdr)                \addtolength{\topmargin}{-0.51344pt}.

[40]
ignored error: Infinite glue shrinkage found in box being split

Package fancyhdr Warning: \headheight is too small (14.61858pt): 
(fancyhdr)                Make it at least 15.13202pt, for example:
(fancyhdr)                \setlength{\headheight}{15.13202pt}.
(fancyhdr)                You might also make \topmargin smaller:
(fancyhdr)                \addtolength{\topmargin}{-0.51344pt}.

[41]
ignored error: Infinite glue shrinkage found in box being split

Package fancyhdr Warning: \headheight is too small (14.61858pt): 
(fancyhdr)                Make it at least 15.13202pt, for example:
(fancyhdr)                \setlength{\headheight}{15.13202pt}.
(fancyhdr)                You might also make \topmargin smaller:
(fancyhdr)                \addtolength{\topmargin}{-0.51344pt}.

[42]
ignored error: Infinite glue shrinkage found in box being split

Package fancyhdr Warning: \headheight is too small (14.61858pt): 
(fancyhdr)                Make it at least 15.13202pt, for example:
(fancyhdr)                \setlength{\headheight}{15.13202pt}.
(fancyhdr)                You might also make \topmargin smaller:
(fancyhdr)                \addtolength{\topmargin}{-0.51344pt}.

[43]
ignored error: Infinite glue shrinkage found in box being split

Package fancyhdr Warning: \headheight is too small (14.61858pt): 
(fancyhdr)                Make it at least 15.13202pt, for example:
(fancyhdr)                \setlength{\headheight}{15.13202pt}.
(fancyhdr)                You might also make \topmargin smaller:
(fancyhdr)                \addtolength{\topmargin}{-0.51344pt}.

[44]
ignored error: Infinite glue shrinkage found in box being split

Package fancyhdr Warning: \headheight is too small (14.61858pt): 
(fancyhdr)                Make it at least 15.13202pt, for example:
(fancyhdr)                \setlength{\headheight}{15.13202pt}.
(fancyhdr)                You might also make \topmargin smaller:
(fancyhdr)                \addtolength{\topmargin}{-0.51344pt}.

[45]
ignored error: Infinite glue shrinkage found in box being split

Package fancyhdr Warning: \headheight is too small (14.61858pt): 
(fancyhdr)                Make it at least 15.13202pt, for example:
(fancyhdr)                \setlength{\headheight}{15.13202pt}.
(fancyhdr)                You might also make \topmargin smaller:
(fancyhdr)                \addtolength{\topmargin}{-0.51344pt}.

[46]
ignored error: Infinite glue shrinkage found in box being split

Package fancyhdr Warning: \headheight is too small (14.61858pt): 
(fancyhdr)                Make it at least 15.13202pt, for example:
(fancyhdr)                \setlength{\headheight}{15.13202pt}.
(fancyhdr)                You might also make \topmargin smaller:
(fancyhdr)                \addtolength{\topmargin}{-0.51344pt}.

[47]

Package fancyhdr Warning: \headheight is too small (14.61858pt): 
(fancyhdr)                Make it at least 15.13202pt, for example:
(fancyhdr)                \setlength{\headheight}{15.13202pt}.
(fancyhdr)                You might also make \topmargin smaller:
(fancyhdr)                \addtolength{\topmargin}{-0.51344pt}.

[48]
Chapitre 4.
[49

]
Overfull \hbox (19.39055pt too wide) in alignment at lines 1528--1532
 [] [] [] [] 
 []


Overfull \hbox (19.39055pt too wide) in alignment at lines 1532--1537
 [] [] [] [] 
 []


Overfull \hbox (19.39055pt too wide) in alignment at lines 1537--1542
 [] [] [] [] 
 []


Overfull \hbox (19.39055pt too wide) in alignment at lines 1542--1545
 [] [] [] [] 
 []


Underfull \hbox (badness 1590) in paragraph at lines 1551--1552
[]|\T1/ptm/m/n/12 - US-4 : Ac-ti-ver/dÈsactiver
 []


Underfull \hbox (badness 10000) in paragraph at lines 1556--1557
[]|\T1/ptm/m/n/12 - Per-son-na-li-sa-tion Key-cloak
 []


Underfull \hbox (badness 6300) in paragraph at lines 1557--1558
[]|\T1/ptm/m/n/12 - Front-end ges-tion comptes
 []


Underfull \hbox (badness 10000) in paragraph at lines 1573--1573
[]|\T1/ptm/m/n/12 US-11 ‡
 []


Underfull \hbox (badness 6927) in paragraph at lines 1583--1584
[]|\T1/ptm/m/n/12 - Front-end ges-tion dÈ-par-te-
 []


Underfull \hbox (badness 10000) in paragraph at lines 1587--1587
[]|\T1/ptm/m/n/12 US-17 ‡
 []


Underfull \hbox (badness 10000) in paragraph at lines 1604--1604
[]|\T1/ptm/m/n/12 US-25 ‡
 []


Underfull \hbox (badness 1342) in paragraph at lines 1616--1617
[]|\T1/ptm/m/n/12 - Front-end ges-tion ca-tÈ-go-ries
 []


Underfull \hbox (badness 7540) in paragraph at lines 1617--1618
[]|\T1/ptm/m/n/12 - Front-end rÈuti-li-sa-tion des
 []


Overfull \hbox (19.39055pt too wide) in alignment at lines 1545--1623
 [] [] [] [] 
 []

ignored error: Infinite glue shrinkage found in box being split

Package fancyhdr Warning: \headheight is too small (14.61858pt): 
(fancyhdr)                Make it at least 29.63202pt, for example:
(fancyhdr)                \setlength{\headheight}{29.63202pt}.
(fancyhdr)                You might also make \topmargin smaller:
(fancyhdr)                \addtolength{\topmargin}{-15.01344pt}.

[50

]

Package caption Warning: The option `hypcap=true' will be ignored for this
(caption)                particular \caption on input line 1625.
See the caption package documentation for explanation.

<usecasesp1.png, id=3008, 656.4525pt x 289.68225pt>
File: usecasesp1.png Graphic file (type png)
<use usecasesp1.png>
Package pdftex.def Info: usecasesp1.png  used on input line 1634.
(pdftex.def)             Requested size: 455.24411pt x 200.89319pt.

Package fancyhdr Warning: \headheight is too small (14.61858pt): 
(fancyhdr)                Make it at least 29.63202pt, for example:
(fancyhdr)                \setlength{\headheight}{29.63202pt}.
(fancyhdr)                You might also make \topmargin smaller:
(fancyhdr)                \addtolength{\topmargin}{-15.01344pt}.

[51]
<usecase_raf1.png, id=3013, 718.48425pt x 215.6055pt>
File: usecase_raf1.png Graphic file (type png)
<use usecase_raf1.png>
Package pdftex.def Info: usecase_raf1.png  used on input line 1645.
(pdftex.def)             Requested size: 455.24411pt x 136.61188pt.
<usecase_raf2.png, id=3014, 567.92175pt x 124.66576pt>
File: usecase_raf2.png Graphic file (type png)
<use usecase_raf2.png>
Package pdftex.def Info: usecase_raf2.png  used on input line 1654.
(pdftex.def)             Requested size: 455.24411pt x 99.93246pt.


Package fancyhdr Warning: \headheight is too small (14.61858pt): 
(fancyhdr)                Make it at least 29.63202pt, for example:
(fancyhdr)                \setlength{\headheight}{29.63202pt}.
(fancyhdr)                You might also make \topmargin smaller:
(fancyhdr)                \addtolength{\topmargin}{-15.01344pt}.

[52 <./usecasesp1.png> <./usecase_raf1.png>]
<usecase_raf5.png, id=3024, 612.48825pt x 186.6975pt>
File: usecase_raf5.png Graphic file (type png)
<use usecase_raf5.png>
Package pdftex.def Info: usecase_raf5.png  used on input line 1663.
(pdftex.def)             Requested size: 455.24411pt x 138.76932pt.

ignored error: Infinite glue shrinkage found in box being split

Package fancyhdr Warning: \headheight is too small (14.61858pt): 
(fancyhdr)                Make it at least 29.63202pt, for example:
(fancyhdr)                \setlength{\headheight}{29.63202pt}.
(fancyhdr)                You might also make \topmargin smaller:
(fancyhdr)                \addtolength{\topmargin}{-15.01344pt}.

[53 <./usecase_raf2.png> <./usecase_raf5.png>]
ignored error: Infinite glue shrinkage found in box being split

Package fancyhdr Warning: \headheight is too small (14.61858pt): 
(fancyhdr)                Make it at least 29.63202pt, for example:
(fancyhdr)                \setlength{\headheight}{29.63202pt}.
(fancyhdr)                You might also make \topmargin smaller:
(fancyhdr)                \addtolength{\topmargin}{-15.01344pt}.

[54]

Package fancyhdr Warning: \headheight is too small (14.61858pt): 
(fancyhdr)                Make it at least 29.63202pt, for example:
(fancyhdr)                \setlength{\headheight}{29.63202pt}.
(fancyhdr)                You might also make \topmargin smaller:
(fancyhdr)                \addtolength{\topmargin}{-15.01344pt}.

[55]
Underfull \hbox (badness 10000) in paragraph at lines 1866--1867
[]|\T1/ptm/m/n/12 5. Il ajoute des champs per-son-na-li-sÈs (nom, type :
 []

ignored error: Infinite glue shrinkage found in box being split

Package fancyhdr Warning: \headheight is too small (14.61858pt): 
(fancyhdr)                Make it at least 29.63202pt, for example:
(fancyhdr)                \setlength{\headheight}{29.63202pt}.
(fancyhdr)                You might also make \topmargin smaller:
(fancyhdr)                \addtolength{\topmargin}{-15.01344pt}.

[56]
<authentification.png, id=3055, 1053.9375pt x 1970.36125pt>
File: authentification.png Graphic file (type png)
<use authentification.png>
Package pdftex.def Info: authentification.png  used on input line 1892.
(pdftex.def)             Requested size: 300.72911pt x 562.22023pt.


Package fancyhdr Warning: \headheight is too small (14.61858pt): 
(fancyhdr)                Make it at least 29.63202pt, for example:
(fancyhdr)                \setlength{\headheight}{29.63202pt}.
(fancyhdr)                You might also make \topmargin smaller:
(fancyhdr)                \addtolength{\topmargin}{-15.01344pt}.

[57]
<seq_project2.png, id=3060, 1398.22375pt x 2070.73625pt>
File: seq_project2.png Graphic file (type png)
<use seq_project2.png>
Package pdftex.def Info: seq_project2.png  used on input line 1901.
(pdftex.def)             Requested size: 455.22807pt x 597.37006pt.


Package fancyhdr Warning: \headheight is too small (14.61858pt): 
(fancyhdr)                Make it at least 29.63202pt, for example:
(fancyhdr)                \setlength{\headheight}{29.63202pt}.
(fancyhdr)                You might also make \topmargin smaller:
(fancyhdr)                \addtolength{\topmargin}{-15.01344pt}.

[58 <./authentification.png (PNG copy)>]
<seq_category.png, id=3067, 1576.89125pt x 1998.46625pt>
File: seq_category.png Graphic file (type png)
<use seq_category.png>
Package pdftex.def Info: seq_category.png  used on input line 1909.
(pdftex.def)             Requested size: 455.24153pt x 646.5664pt.


Package fancyhdr Warning: \headheight is too small (14.61858pt): 
(fancyhdr)                Make it at least 29.63202pt, for example:
(fancyhdr)                \setlength{\headheight}{29.63202pt}.
(fancyhdr)                You might also make \topmargin smaller:
(fancyhdr)                \addtolength{\topmargin}{-15.01344pt}.

[59 <./seq_project2.png (PNG copy)>]
Overfull \vbox (1.81926pt too high) has occurred while \output is active []



Package fancyhdr Warning: \headheight is too small (14.61858pt): 
(fancyhdr)                Make it at least 29.63202pt, for example:
(fancyhdr)                \setlength{\headheight}{29.63202pt}.
(fancyhdr)                You might also make \topmargin smaller:
(fancyhdr)                \addtolength{\topmargin}{-15.01344pt}.

[60 <./seq_category.png (PNG copy)>]
<diagclassesprint1.png, id=3080, 1088.065pt x 1586.92876pt>
File: diagclassesprint1.png Graphic file (type png)
<use diagclassesprint1.png>
Package pdftex.def Info: diagclassesprint1.png  used on input line 1917.
(pdftex.def)             Requested size: 386.95479pt x 604.39522pt.


Package fancyhdr Warning: \headheight is too small (14.61858pt): 
(fancyhdr)                Make it at least 29.63202pt, for example:
(fancyhdr)                \setlength{\headheight}{29.63202pt}.
(fancyhdr)                You might also make \topmargin smaller:
(fancyhdr)                \addtolength{\topmargin}{-15.01344pt}.

[61 <./diagclassesprint1.png (PNG copy)>]
<home-hero.png, id=3086, 1134.03674pt x 548.64975pt>
File: home-hero.png Graphic file (type png)
<use home-hero.png>
Package pdftex.def Info: home-hero.png  used on input line 1944.
(pdftex.def)             Requested size: 455.24411pt x 220.24295pt.
<home-about.png, id=3087, 1139.457pt x 545.03625pt>
File: home-about.png Graphic file (type png)
<use home-about.png>
Package pdftex.def Info: home-about.png  used on input line 1951.
(pdftex.def)             Requested size: 455.24411pt x 217.75282pt.
<home-expertise.png, id=3088, 1139.457pt x 548.64975pt>
File: home-expertise.png Graphic file (type png)
<use home-expertise.png>
Package pdftex.def Info: home-expertise.png  used on input line 1957.
(pdftex.def)             Requested size: 455.24411pt x 219.19649pt.


Package fancyhdr Warning: \headheight is too small (14.61858pt): 
(fancyhdr)                Make it at least 29.63202pt, for example:
(fancyhdr)                \setlength{\headheight}{29.63202pt}.
(fancyhdr)                You might also make \topmargin smaller:
(fancyhdr)                \addtolength{\topmargin}{-15.01344pt}.

[62 <./home-hero.png>]
<home-services.png, id=3094, 1139.457pt x 548.64975pt>
File: home-services.png Graphic file (type png)
<use home-services.png>
Package pdftex.def Info: home-services.png  used on input line 1963.
(pdftex.def)             Requested size: 455.24411pt x 219.19649pt.


Package fancyhdr Warning: \headheight is too small (14.61858pt): 
(fancyhdr)                Make it at least 29.63202pt, for example:
(fancyhdr)                \setlength{\headheight}{29.63202pt}.
(fancyhdr)                You might also make \topmargin smaller:
(fancyhdr)                \addtolength{\topmargin}{-15.01344pt}.

[63 <./home-about.png> <./home-expertise.png>]
<home-contact.png, id=3101, 1136.44576pt x 546.24075pt>
File: home-contact.png Graphic file (type png)
<use home-contact.png>
Package pdftex.def Info: home-contact.png  used on input line 1970.
(pdftex.def)             Requested size: 455.24411pt x 218.80916pt.
<interface_login.png, id=3102, 1137.65025pt x 495.0495pt>
File: interface_login.png Graphic file (type png)
<use interface_login.png>
Package pdftex.def Info: interface_login.png  used on input line 1980.
(pdftex.def)             Requested size: 455.24411pt x 198.09938pt.


Package fancyhdr Warning: \headheight is too small (14.61858pt): 
(fancyhdr)                Make it at least 29.63202pt, for example:
(fancyhdr)                \setlength{\headheight}{29.63202pt}.
(fancyhdr)                You might also make \topmargin smaller:
(fancyhdr)                \addtolength{\topmargin}{-15.01344pt}.

[64 <./home-services.png> <./home-contact.png>]
<interface_reset_password.png, id=3109, 1133.4345pt x 492.03825pt>
File: interface_reset_password.png Graphic file (type png)
<use interface_reset_password.png>
Package pdftex.def Info: interface_reset_password.png  used on input line 1990.

(pdftex.def)             Requested size: 455.24411pt x 197.63017pt.


Package fancyhdr Warning: \headheight is too small (14.61858pt): 
(fancyhdr)                Make it at least 29.63202pt, for example:
(fancyhdr)                \setlength{\headheight}{29.63202pt}.
(fancyhdr)                You might also make \topmargin smaller:
(fancyhdr)                \addtolength{\topmargin}{-15.01344pt}.

[65 <./interface_login.png> <./interface_reset_password.png>]
<interface_update_password.png, id=3116, 1141.866pt x 485.4135pt>
File: interface_update_password.png Graphic file (type png)
<use interface_update_password.png>
Package pdftex.def Info: interface_update_password.png  used on input line 2000
.
(pdftex.def)             Requested size: 455.24411pt x 193.52496pt.
<interface_update_profile.png, id=3117, 1428.83812pt x 557.83406pt>
File: interface_update_profile.png Graphic file (type png)
<use interface_update_profile.png>
Package pdftex.def Info: interface_update_profile.png  used on input line 2009.

(pdftex.def)             Requested size: 455.24411pt x 177.72745pt.


Package fancyhdr Warning: \headheight is too small (14.61858pt): 
(fancyhdr)                Make it at least 29.63202pt, for example:
(fancyhdr)                \setlength{\headheight}{29.63202pt}.
(fancyhdr)                You might also make \topmargin smaller:
(fancyhdr)                \addtolength{\topmargin}{-15.01344pt}.

[66 <./interface_update_password.png> <./interface_update_profile.png>]
<modal_logout.png, id=3124, 534.19576pt x 169.8345pt>
File: modal_logout.png Graphic file (type png)
<use modal_logout.png>
Package pdftex.def Info: modal_logout.png  used on input line 2019.
(pdftex.def)             Requested size: 455.24411pt x 144.73317pt.
<interface_users_list.png, id=3125, 1132.23pt x 548.0475pt>
File: interface_users_list.png Graphic file (type png)
<use interface_users_list.png>
Package pdftex.def Info: interface_users_list.png  used on input line 2030.
(pdftex.def)             Requested size: 455.24411pt x 220.35242pt.


Package fancyhdr Warning: \headheight is too small (14.61858pt): 
(fancyhdr)                Make it at least 29.63202pt, for example:
(fancyhdr)                \setlength{\headheight}{29.63202pt}.
(fancyhdr)                You might also make \topmargin smaller:
(fancyhdr)                \addtolength{\topmargin}{-15.01344pt}.

[67 <./modal_logout.png>]
<interface_user_add.png, id=3133, 1134.03674pt x 548.64975pt>
File: interface_user_add.png Graphic file (type png)
<use interface_user_add.png>
Package pdftex.def Info: interface_user_add.png  used on input line 2040.
(pdftex.def)             Requested size: 455.24411pt x 220.24295pt.


Package fancyhdr Warning: \headheight is too small (14.61858pt): 
(fancyhdr)                Make it at least 29.63202pt, for example:
(fancyhdr)                \setlength{\headheight}{29.63202pt}.
(fancyhdr)                You might also make \topmargin smaller:
(fancyhdr)                \addtolength{\topmargin}{-15.01344pt}.

[68 <./interface_users_list.png> <./interface_user_add.png>]
<interface_user_edit.png, id=3143, 1133.4345pt x 549.252pt>
File: interface_user_edit.png Graphic file (type png)
<use interface_user_edit.png>
Package pdftex.def Info: interface_user_edit.png  used on input line 2050.
(pdftex.def)             Requested size: 455.24411pt x 220.61043pt.
<interface_profile_view.png, id=3144, 1135.24126pt x 537.207pt>
File: interface_profile_view.png Graphic file (type png)
<use interface_profile_view.png>
Package pdftex.def Info: interface_profile_view.png  used on input line 2062.
(pdftex.def)             Requested size: 455.24411pt x 215.42819pt.


Package fancyhdr Warning: \headheight is too small (14.61858pt): 
(fancyhdr)                Make it at least 29.63202pt, for example:
(fancyhdr)                \setlength{\headheight}{29.63202pt}.
(fancyhdr)                You might also make \topmargin smaller:
(fancyhdr)                \addtolength{\topmargin}{-15.01344pt}.

[69 <./interface_user_edit.png>]
<modal_change_password.png, id=3153, 1117.17375pt x 508.90125pt>
File: modal_change_password.png Graphic file (type png)
<use modal_change_password.png>
Package pdftex.def Info: modal_change_password.png  used on input line 2069.
(pdftex.def)             Requested size: 455.24411pt x 207.37737pt.
<interface_profile_edit.png, id=3154, 1102.71976pt x 543.83176pt>
File: interface_profile_edit.png Graphic file (type png)
<use interface_profile_edit.png>
Package pdftex.def Info: interface_profile_edit.png  used on input line 2079.
(pdftex.def)             Requested size: 455.24411pt x 224.51593pt.


Package fancyhdr Warning: \headheight is too small (14.61858pt): 
(fancyhdr)                Make it at least 29.63202pt, for example:
(fancyhdr)                \setlength{\headheight}{29.63202pt}.
(fancyhdr)                You might also make \topmargin smaller:
(fancyhdr)                \addtolength{\topmargin}{-15.01344pt}.

[70 <./interface_profile_view.png> <./modal_change_password.png>]
<interface_profile_edit_manager.png, id=3163, 1132.23pt x 540.21825pt>
File: interface_profile_edit_manager.png Graphic file (type png)
<use interface_profile_edit_manager.png>
Package pdftex.def Info: interface_profile_edit_manager.png  used on input line
 2086.
(pdftex.def)             Requested size: 455.24411pt x 217.20451pt.
<interface_departments_list.png, id=3164, 1136.44576pt x 551.661pt>
File: interface_departments_list.png Graphic file (type png)
<use interface_departments_list.png>
Package pdftex.def Info: interface_departments_list.png  used on input line 209
8.
(pdftex.def)             Requested size: 455.24411pt x 220.98036pt.


Package fancyhdr Warning: \headheight is too small (14.61858pt): 
(fancyhdr)                Make it at least 29.63202pt, for example:
(fancyhdr)                \setlength{\headheight}{29.63202pt}.
(fancyhdr)                You might also make \topmargin smaller:
(fancyhdr)                \addtolength{\topmargin}{-15.01344pt}.

[71 <./interface_profile_edit.png> <./interface_profile_edit_manager.png>]
<interface_department_form.png, id=3173, 1259.4553pt x 637.63219pt>
File: interface_department_form.png Graphic file (type png)
<use interface_department_form.png>
Package pdftex.def Info: interface_department_form.png  used on input line 2108
.
(pdftex.def)             Requested size: 455.24411pt x 230.48145pt.


Package fancyhdr Warning: \headheight is too small (14.61858pt): 
(fancyhdr)                Make it at least 29.63202pt, for example:
(fancyhdr)                \setlength{\headheight}{29.63202pt}.
(fancyhdr)                You might also make \topmargin smaller:
(fancyhdr)                \addtolength{\topmargin}{-15.01344pt}.

[72 <./interface_departments_list.png> <./interface_department_form.png>]
<interface_projects_list.png, id=3183, 1427.3325pt x 714.41907pt>
File: interface_projects_list.png Graphic file (type png)
<use interface_projects_list.png>
Package pdftex.def Info: interface_projects_list.png  used on input line 2120.
(pdftex.def)             Requested size: 455.24411pt x 227.85568pt.
<interface_project_form.png, id=3184, 1391.1975pt x 691.83469pt>
File: interface_project_form.png Graphic file (type png)
<use interface_project_form.png>
Package pdftex.def Info: interface_project_form.png  used on input line 2130.
(pdftex.def)             Requested size: 455.24411pt x 226.38486pt.


Package fancyhdr Warning: \headheight is too small (14.61858pt): 
(fancyhdr)                Make it at least 29.63202pt, for example:
(fancyhdr)                \setlength{\headheight}{29.63202pt}.
(fancyhdr)                You might also make \topmargin smaller:
(fancyhdr)                \addtolength{\topmargin}{-15.01344pt}.

[73 <./interface_projects_list.png>]
<my-projects.png, id=3194, 1419.05156pt x 712.91344pt>
File: my-projects.png Graphic file (type png)
<use my-projects.png>
Package pdftex.def Info: my-projects.png  used on input line 2140.
(pdftex.def)             Requested size: 455.24411pt x 228.70262pt.
<regles-remboursement.png, id=3195, 1426.57968pt x 708.39656pt>
File: regles-remboursement.png Graphic file (type png)
<use regles-remboursement.png>
Package pdftex.def Info: regles-remboursement.png  used on input line 2150.
(pdftex.def)             Requested size: 455.24411pt x 226.05377pt.


Package fancyhdr Warning: \headheight is too small (14.61858pt): 
(fancyhdr)                Make it at least 29.63202pt, for example:
(fancyhdr)                \setlength{\headheight}{29.63202pt}.
(fancyhdr)                You might also make \topmargin smaller:
(fancyhdr)                \addtolength{\topmargin}{-15.01344pt}.

[74 <./interface_project_form.png> <./my-projects.png>]
<interface_categories_list.png, id=3206, 1420.55719pt x 706.89093pt>
File: interface_categories_list.png Graphic file (type png)
<use interface_categories_list.png>
Package pdftex.def Info: interface_categories_list.png  used on input line 2163
.
(pdftex.def)             Requested size: 455.24411pt x 226.53331pt.


Package fancyhdr Warning: \headheight is too small (14.61858pt): 
(fancyhdr)                Make it at least 29.63202pt, for example:
(fancyhdr)                \setlength{\headheight}{29.63202pt}.
(fancyhdr)                You might also make \topmargin smaller:
(fancyhdr)                \addtolength{\topmargin}{-15.01344pt}.

[75 <./regles-remboursement.png> <./interface_categories_list.png>]
<interface_category_form.png, id=3216, 1408.51219pt x 700.86844pt>
File: interface_category_form.png Graphic file (type png)
<use interface_category_form.png>
Package pdftex.def Info: interface_category_form.png  used on input line 2173.
(pdftex.def)             Requested size: 455.24411pt x 226.5283pt.
<interface_category_form_fields.png, id=3217, 1394.20876pt x 685.05937pt>
File: interface_category_form_fields.png Graphic file (type png)
<use interface_category_form_fields.png>
Package pdftex.def Info: interface_category_form_fields.png  used on input line
 2180.
(pdftex.def)             Requested size: 455.24411pt x 223.68697pt.


Package fancyhdr Warning: \headheight is too small (14.61858pt): 
(fancyhdr)                Make it at least 29.63202pt, for example:
(fancyhdr)                \setlength{\headheight}{29.63202pt}.
(fancyhdr)                You might also make \topmargin smaller:
(fancyhdr)                \addtolength{\topmargin}{-15.01344pt}.

[76 <./interface_category_form.png> <./interface_category_form_fields.png>]

Package fancyhdr Warning: \headheight is too small (14.61858pt): 
(fancyhdr)                Make it at least 29.63202pt, for example:
(fancyhdr)                \setlength{\headheight}{29.63202pt}.
(fancyhdr)                You might also make \topmargin smaller:
(fancyhdr)                \addtolength{\topmargin}{-15.01344pt}.

[77]
Chapitre 5.
[78

]
Underfull \hbox (badness 1082) in paragraph at lines 2229--2229
\T1/ptm/m/n/12 de sou-mettre mes dÈ-penses
 []


Underfull \hbox (badness 1048) in paragraph at lines 2231--2232
[]|\T1/ptm/m/n/12 - Ba-ckend : end-points CRUD
 []


Underfull \hbox (badness 10000) in paragraph at lines 2232--2233
[]|\T1/ptm/m/n/12 - Fron-tend : for-mu-laire de
 []


Underfull \hbox (badness 10000) in paragraph at lines 2236--2236
[]|\T1/ptm/m/n/12 En tant qu'uti-li-sa-teur, je
 []


Underfull \hbox (badness 1975) in paragraph at lines 2250--2250
\T1/ptm/m/n/12 mo-di-fier ou sup-pri-mer une
 []


Underfull \hbox (badness 3646) in paragraph at lines 2264--2264
\T1/ptm/m/n/12 d'ana-ly-ser ef-fi-ca-ce-ment les
 []


Underfull \hbox (badness 4205) in paragraph at lines 2271--2271
\T1/ptm/m/n/12 nou-velle note est sou-mise
 []


Underfull \hbox (badness 2293) in paragraph at lines 2278--2278
\T1/ptm/m/n/12 veux re-ce-voir des no-ti-fi-ca-
 []


Underfull \hbox (badness 1270) in paragraph at lines 2284--2284
\T1/ptm/m/n/12 men-taire op-tion-nel) afin de
 []


Underfull \hbox (badness 2111) in paragraph at lines 2298--2298
\T1/ptm/m/n/12 vi-sua-li-ser, avant de va-li-der
 []


Underfull \hbox (badness 1226) in paragraph at lines 2298--2298
\T1/ptm/m/n/12 une note de frais, l'im-pact
 []


Underfull \hbox (badness 1635) in paragraph at lines 2298--2298
\T1/ptm/m/n/12 ser le bud-get al-louÈ et de
 []


Underfull \hbox (badness 3179) in paragraph at lines 2301--2302
[]|\T1/ptm/m/n/12 - Fron-tend : af-fi-chage d'une
 []


Underfull \hbox (badness 6592) in paragraph at lines 2305--2305
[]|\T1/ptm/m/n/12 En tant que ma-na-ger, je
 []


Underfull \hbox (badness 2573) in paragraph at lines 2305--2305
\T1/ptm/m/n/12 ma-tion dÈ-taillÈe par pro-jet
 []


Underfull \hbox (badness 3965) in paragraph at lines 2312--2312
\T1/ptm/m/n/12 consul-ter l'his-to-rique com-
 []


Underfull \hbox (badness 4072) in paragraph at lines 2319--2319
\T1/ptm/m/n/12 no-ti-fi-ca-tion de mon his-to-
 []


Underfull \hbox (badness 1087) in paragraph at lines 2326--2326
\T1/ptm/m/n/12 tion sans re-cherche sup-plÈ-
 []

ignored error: Infinite glue shrinkage found in box being split [79

]
ignored error: Infinite glue shrinkage found in box being split [80]
ignored error: Infinite glue shrinkage found in box being split [81]

Package caption Warning: The option `hypcap=true' will be ignored for this
(caption)                particular \caption on input line 2350.
See the caption package documentation for explanation.

<usecasesp2.png, id=3249, 704.6325pt x 353.52075pt>
File: usecasesp2.png Graphic file (type png)
<use usecasesp2.png>
Package pdftex.def Info: usecasesp2.png  used on input line 2358.
(pdftex.def)             Requested size: 455.24411pt x 228.39943pt.
[82]
LaTeX Info: Symbol \textrightarrow not provided by
            font family ptm in TS1 encoding.
            Default family used instead on input line 2409.

ignored error: Infinite glue shrinkage found in box being split [83 <./usecases
p2.png>]

Package caption Warning: The option `hypcap=true' will be ignored for this
(caption)                particular \caption on input line 2422.
See the caption package documentation for explanation.


Underfull \hbox (badness 4582) in paragraph at lines 2437--2438
[]|\T1/ptm/m/n/12 L'employÈ est au-then-ti-fiÈ et pos-sËde une note en sta-tut
 []

[84]

Package caption Warning: The option `hypcap=true' will be ignored for this
(caption)                particular \caption on input line 2454.
See the caption package documentation for explanation.

[85]

Package caption Warning: The option `hypcap=true' will be ignored for this
(caption)                particular \caption on input line 2487.
See the caption package documentation for explanation.

[86] [87]
<sequence_submit_note.png, id=3284, 1426.32875pt x 1346.02875pt>
File: sequence_submit_note.png Graphic file (type png)
<use sequence_submit_note.png>
Package pdftex.def Info: sequence_submit_note.png  used on input line 2554.
(pdftex.def)             Requested size: 455.23752pt x 429.60837pt.
<diag_classe_sp2.png, id=3285, 2814.515pt x 1179.40625pt>
File: diag_classe_sp2.png Graphic file (type png)
<use diag_classe_sp2.png>
Package pdftex.def Info: diag_classe_sp2.png  used on input line 2573.
(pdftex.def)             Requested size: 632.46553pt x 265.03102pt.
 [88 <./sequence_submit_note.png (PNG copy)>]
<add_note.png, id=3292, 1084.80281pt x 699.36281pt>
File: add_note.png Graphic file (type png)
<use add_note.png>
Package pdftex.def Info: add_note.png  used on input line 2584.
(pdftex.def)             Requested size: 455.24992pt x 351.39864pt.
 [89 <./diag_classe_sp2.png (PNG copy)>]
<suite_add_note.png, id=3297, 1059.20718pt x 700.86844pt>
File: suite_add_note.png Graphic file (type png)
<use suite_add_note.png>
Package pdftex.def Info: suite_add_note.png  used on input line 2590.
(pdftex.def)             Requested size: 455.24011pt x 351.39586pt.
 [90 <./add_note.png>]
<my_notes.png, id=3305, 1156.32pt x 554.67226pt>
File: my_notes.png Graphic file (type png)
<use my_notes.png>
Package pdftex.def Info: my_notes.png  used on input line 2602.
(pdftex.def)             Requested size: 455.24411pt x 218.36949pt.
 [91 <./suite_add_note.png>]
<delete_modal.png, id=3313, 1156.32pt x 620.91975pt>
File: delete_modal.png Graphic file (type png)
<use delete_modal.png>
Package pdftex.def Info: delete_modal.png  used on input line 2611.
(pdftex.def)             Requested size: 455.24411pt x 244.45055pt.
<manager_notes_list.png, id=3314, 1420.55719pt x 708.39656pt>
File: manager_notes_list.png Graphic file (type png)
<use manager_notes_list.png>
Package pdftex.def Info: manager_notes_list.png  used on input line 2622.
(pdftex.def)             Requested size: 455.24411pt x 227.01581pt.
 [92 <./my_notes.png> <./delete_modal.png>]
<details_note_sprint2.png, id=3324, 1086.30844pt x 688.82344pt>
File: details_note_sprint2.png Graphic file (type png)
<use details_note_sprint2.png>
Package pdftex.def Info: details_note_sprint2.png  used on input line 2631.
(pdftex.def)             Requested size: 455.24411pt x 288.67323pt.
 [93 <./manager_notes_list.png>]
<consommation_employee_sprint2.png, id=3333, 1429.59094pt x 710.655pt>
File: consommation_employee_sprint2.png Graphic file (type png)
<use consommation_employee_sprint2.png>
Package pdftex.def Info: consommation_employee_sprint2.png  used on input line 
2641.
(pdftex.def)             Requested size: 409.71692pt x 203.66652pt.
<manager_validate.png, id=3334, 1406.25375pt x 691.83469pt>
File: manager_validate.png Graphic file (type png)
<use manager_validate.png>
Package pdftex.def Info: manager_validate.png  used on input line 2649.
(pdftex.def)             Requested size: 455.24411pt x 223.95685pt.
 [94 <./details_note_sprint2.png> <./consommation_employee_sprint2.png>]
<manager_refus.png, id=3342, 1413.02907pt x 694.84593pt>
File: manager_refus.png Graphic file (type png)
<use manager_refus.png>
Package pdftex.def Info: manager_refus.png  used on input line 2658.
(pdftex.def)             Requested size: 455.24411pt x 223.86078pt.
 [95 <./manager_validate.png>]

! LaTeX Error: Unicode character ‚ÄØ (U+202F)
               not set up for use with LaTeX.

See the LaTeX manual or LaTeX Companion for explanation.
Type  H <return>  for immediate help.
 ...                                              
                                                  
l.2664 ...ification, ou utiliser les boutons ¬´‚ÄØ
                                                  Tout marquer comme lu‚ÄØ¬ª...

You may provide a definition with
\DeclareUnicodeCharacter 


! LaTeX Error: Unicode character ‚ÄØ (U+202F)
               not set up for use with LaTeX.

See the LaTeX manual or LaTeX Companion for explanation.
Type  H <return>  for immediate help.
 ...                                              
                                                  
l.2664 ...es boutons ¬´‚ÄØTout marquer comme lu‚ÄØ
                                                  ¬ª et ¬´‚ÄØEffacer tout‚ÄØ...

You may provide a definition with
\DeclareUnicodeCharacter 


! LaTeX Error: Unicode character ‚ÄØ (U+202F)
               not set up for use with LaTeX.

See the LaTeX manual or LaTeX Companion for explanation.
Type  H <return>  for immediate help.
 ...                                              
                                                  
l.2664 ...¬´‚ÄØTout marquer comme lu‚ÄØ¬ª et ¬´‚ÄØ
                                                  Effacer tout‚ÄØ¬ª. Un badg...

You may provide a definition with
\DeclareUnicodeCharacter 


! LaTeX Error: Unicode character ‚ÄØ (U+202F)
               not set up for use with LaTeX.

See the LaTeX manual or LaTeX Companion for explanation.
Type  H <return>  for immediate help.
 ...                                              
                                                  
l.2664 ...er comme lu‚ÄØ¬ª et ¬´‚ÄØEffacer tout‚ÄØ
                                                  ¬ª. Un badge indique le no...

You may provide a definition with
\DeclareUnicodeCharacter 

<notificaton_employee.png, id=3351, 371.88937pt x 443.40656pt>
File: notificaton_employee.png Graphic file (type png)
<use notificaton_employee.png>
Package pdftex.def Info: notificaton_employee.png  used on input line 2668.
(pdftex.def)             Requested size: 227.62206pt x 271.40453pt.
<notification manager.jpeg, id=3352, 533.995pt x 736.7525pt>
File: notification manager.jpeg Graphic file (type jpg)
<use notification manager.jpeg>
Package pdftex.def Info: notification manager.jpeg  used on input line 2674.
(pdftex.def)             Requested size: 182.09486pt x 251.2345pt.
[96 <./manager_refus.png>]
<admin_notification.png, id=3359, 328.97906pt x 410.2828pt>
File: admin_notification.png Graphic file (type png)
<use admin_notification.png>
Package pdftex.def Info: admin_notification.png  used on input line 2680.
(pdftex.def)             Requested size: 182.09486pt x 227.10239pt.
 [97 <./notificaton_employee.png> <./notification manager.jpeg>]
<notification_history.png, id=3366, 1421.31pt x 711.4078pt>
File: notification_history.png Graphic file (type png)
<use notification_history.png>
Package pdftex.def Info: notification_history.png  used on input line 2688.
(pdftex.def)             Requested size: 455.24411pt x 227.86139pt.
 [98 <./admin_notification.png>] [99 <./notification_history.png>]
Chapitre 6.
[100

]
Underfull \hbox (badness 2126) in paragraph at lines 2738--2738
\T1/ptm/m/n/12 que-ment par l'autre par-tie,
 []


Underfull \hbox (badness 10000) in paragraph at lines 2745--2745
[]|\T1/ptm/m/n/12 En tant qu'ad-mi-nis-tra-teur,
 []


Underfull \hbox (badness 2790) in paragraph at lines 2748--2749
[]|\T1/ptm/m/n/12 - Fron-tend : page Va-li-da-ted-
 []


Underfull \hbox (badness 1024) in paragraph at lines 2748--2749
\T1/ptm/m/n/12 No-tes-List-Com-ponent (liste des
 []


Underfull \hbox (badness 4518) in paragraph at lines 2755--2756
[]|\T1/ptm/m/n/12 - Fron-tend : page Reim-bur-
 []


Underfull \hbox (badness 2671) in paragraph at lines 2759--2759
\T1/ptm/m/n/12 veux re-je-ter le rem-bour-se-
 []


Underfull \hbox (badness 4036) in paragraph at lines 2759--2759
\T1/ptm/m/n/12 ment d'une note avec un
 []


Underfull \hbox (badness 1533) in paragraph at lines 2761--2762
\T1/ptm/m/n/12 rem-bour-se-ment avec com-men-
 []


Underfull \hbox (badness 2359) in paragraph at lines 2763--2764
[]|\T1/ptm/m/n/12 - In-tÈ-gra-tion des no-ti-fi-ca-tions
 []


Underfull \hbox (badness 6876) in paragraph at lines 2766--2766
\T1/ptm/m/n/12 veux consul-ter l'ordre de
 []


Underfull \hbox (badness 6252) in paragraph at lines 2766--2766
\T1/ptm/m/n/12 paie-ment gÈ-nÈrÈ au-to-ma-ti-
 []


Underfull \hbox (badness 10000) in paragraph at lines 2775--2776
[]|\T1/ptm/m/n/12 - Ba-ckend : end-points
 []


Underfull \hbox (badness 10000) in paragraph at lines 2775--2776
\T1/ptm/m/n/12 pour ordres de paie-
 []


Underfull \hbox (badness 10000) in paragraph at lines 2775--2776
\T1/ptm/m/n/12 ment (CRUD, sta-tut
 []


Overfull \hbox (7.11713pt too wide) in paragraph at lines 2775--2776
\T1/ptm/m/n/12 EN_ATTENTE/PAYE/ANNULE)| 
 []


Underfull \hbox (badness 10000) in paragraph at lines 2794--2794
[]|\T1/ptm/m/n/12 En tant qu'ad-mi-nis-tra-teur,
 []


Underfull \hbox (badness 1360) in paragraph at lines 2794--2794
\T1/ptm/m/n/12 le bud-get res-tant du pro-jet
 []


Underfull \hbox (badness 3179) in paragraph at lines 2797--2798
[]|\T1/ptm/m/n/12 - Fron-tend : af-fi-chage d'une
 []


Underfull \hbox (badness 1715) in paragraph at lines 2801--2801
\T1/ptm/m/n/12 gets et consom-ma-tions des
 []


Underfull \hbox (badness 10000) in paragraph at lines 2803--2804
[]|\T1/ptm/m/n/12 - Com-po-sant An-gu-lar
 []


Underfull \hbox (badness 1052) in paragraph at lines 2808--2808
\T1/ptm/m/n/12 veux fil-trer les don-nÈes du
 []


Underfull \hbox (badness 3029) in paragraph at lines 2814--2814
\T1/ptm/m/n/12 ligne ou des ana-lyses ex-
 []


Underfull \hbox (badness 4779) in paragraph at lines 2820--2820
\T1/ptm/m/n/12 Ex-cel afin d'ef-fec-tuer des
 []

ignored error: Infinite glue shrinkage found in box being split

Package fancyhdr Warning: \headheight is too small (14.61858pt): 
(fancyhdr)                Make it at least 15.13202pt, for example:
(fancyhdr)                \setlength{\headheight}{15.13202pt}.
(fancyhdr)                You might also make \topmargin smaller:
(fancyhdr)                \addtolength{\topmargin}{-0.51344pt}.

[101

]
ignored error: Infinite glue shrinkage found in box being split

Package fancyhdr Warning: \headheight is too small (14.61858pt): 
(fancyhdr)                Make it at least 15.13202pt, for example:
(fancyhdr)                \setlength{\headheight}{15.13202pt}.
(fancyhdr)                You might also make \topmargin smaller:
(fancyhdr)                \addtolength{\topmargin}{-0.51344pt}.

[102]
ignored error: Infinite glue shrinkage found in box being split

Package fancyhdr Warning: \headheight is too small (14.61858pt): 
(fancyhdr)                Make it at least 15.13202pt, for example:
(fancyhdr)                \setlength{\headheight}{15.13202pt}.
(fancyhdr)                You might also make \topmargin smaller:
(fancyhdr)                \addtolength{\topmargin}{-0.51344pt}.

[103]

Package caption Warning: The option `hypcap=true' will be ignored for this
(caption)                particular \caption on input line 2839.
See the caption package documentation for explanation.

<usecasesp3.png, id=3398, 1475.5125pt x 703.62875pt>
File: usecasesp3.png Graphic file (type png)
<use usecasesp3.png>
Package pdftex.def Info: usecasesp3.png  used on input line 2848.
(pdftex.def)             Requested size: 455.24277pt x 281.10294pt.

Package fancyhdr Warning: \headheight is too small (14.61858pt): 
(fancyhdr)                Make it at least 15.13202pt, for example:
(fancyhdr)                \setlength{\headheight}{15.13202pt}.
(fancyhdr)                You might also make \topmargin smaller:
(fancyhdr)                \addtolength{\topmargin}{-0.51344pt}.

[104]
ignored error: Infinite glue shrinkage found in box being split

Package fancyhdr Warning: \headheight is too small (14.61858pt): 
(fancyhdr)                Make it at least 15.13202pt, for example:
(fancyhdr)                \setlength{\headheight}{15.13202pt}.
(fancyhdr)                You might also make \topmargin smaller:
(fancyhdr)                \addtolength{\topmargin}{-0.51344pt}.

[105 <./usecasesp3.png (PNG copy)>]

Package caption Warning: The option `hypcap=true' will be ignored for this
(caption)                particular \caption on input line 2893.
See the caption package documentation for explanation.

ignored error: Infinite glue shrinkage found in box being split

Package fancyhdr Warning: \headheight is too small (14.61858pt): 
(fancyhdr)                Make it at least 15.13202pt, for example:
(fancyhdr)                \setlength{\headheight}{15.13202pt}.
(fancyhdr)                You might also make \topmargin smaller:
(fancyhdr)                \addtolength{\topmargin}{-0.51344pt}.

[106]

Package caption Warning: The option `hypcap=true' will be ignored for this
(caption)                particular \caption on input line 2941.
See the caption package documentation for explanation.

ignored error: Infinite glue shrinkage found in box being split

Package fancyhdr Warning: \headheight is too small (14.61858pt): 
(fancyhdr)                Make it at least 15.13202pt, for example:
(fancyhdr)                \setlength{\headheight}{15.13202pt}.
(fancyhdr)                You might also make \topmargin smaller:
(fancyhdr)                \addtolength{\topmargin}{-0.51344pt}.

[107]

Package caption Warning: The option `hypcap=true' will be ignored for this
(caption)                particular \caption on input line 2990.
See the caption package documentation for explanation.

<sequence_reimbursement.png, id=3422, 2002.48125pt x 2323.68124pt>
File: sequence_reimbursement.png Graphic file (type png)
<use sequence_reimbursement.png>
Package pdftex.def Info: sequence_reimbursement.png  used on input line 2998.
(pdftex.def)             Requested size: 455.24437pt x 604.39108pt.

Package fancyhdr Warning: \headheight is too small (14.61858pt): 
(fancyhdr)                Make it at least 15.13202pt, for example:
(fancyhdr)                \setlength{\headheight}{15.13202pt}.
(fancyhdr)                You might also make \topmargin smaller:
(fancyhdr)                \addtolength{\topmargin}{-0.51344pt}.

[108]
<seq_rejection.png, id=3427, 1948.27875pt x 1526.70375pt>
File: seq_rejection.png Graphic file (type png)
<use seq_rejection.png>
Package pdftex.def Info: seq_rejection.png  used on input line 3006.
(pdftex.def)             Requested size: 455.22949pt x 491.93304pt.


Package fancyhdr Warning: \headheight is too small (14.61858pt): 
(fancyhdr)                Make it at least 15.13202pt, for example:
(fancyhdr)                \setlength{\headheight}{15.13202pt}.
(fancyhdr)                You might also make \topmargin smaller:
(fancyhdr)                \addtolength{\topmargin}{-0.51344pt}.

[109 <./sequence_reimbursement.png (PNG copy)>]
<deploiement_sp3.png, id=3435, 8222.72pt x 4545.98375pt>
File: deploiement_sp3.png Graphic file (type png)
<use deploiement_sp3.png>
Package pdftex.def Info: deploiement_sp3.png  used on input line 3014.
(pdftex.def)             Requested size: 546.28961pt x 302.01973pt.


Package fancyhdr Warning: \headheight is too small (14.61858pt): 
(fancyhdr)                Make it at least 15.13202pt, for example:
(fancyhdr)                \setlength{\headheight}{15.13202pt}.
(fancyhdr)                You might also make \topmargin smaller:
(fancyhdr)                \addtolength{\topmargin}{-0.51344pt}.

[110 <./seq_rejection.png (PNG copy)>]
<class_diagram_sprint3.png, id=3442, 1743.51375pt x 1214.5375pt>
File: class_diagram_sprint3.png Graphic file (type png)
<use class_diagram_sprint3.png>
Package pdftex.def Info: class_diagram_sprint3.png  used on input line 3023.
(pdftex.def)             Requested size: 455.24496pt x 456.80331pt.


Package fancyhdr Warning: \headheight is too small (14.61858pt): 
(fancyhdr)                Make it at least 15.13202pt, for example:
(fancyhdr)                \setlength{\headheight}{15.13202pt}.
(fancyhdr)                You might also make \topmargin smaller:
(fancyhdr)                \addtolength{\topmargin}{-0.51344pt}.

[111 <./deploiement_sp3.png (PNG copy)>]
<validated_notes.png, id=3449, 1419.80438pt x 681.29532pt>
File: validated_notes.png Graphic file (type png)
<use validated_notes.png>
Package pdftex.def Info: validated_notes.png  used on input line 3037.
(pdftex.def)             Requested size: 455.24411pt x 218.44518pt.


Package fancyhdr Warning: \headheight is too small (14.61858pt): 
(fancyhdr)                Make it at least 15.13202pt, for example:
(fancyhdr)                \setlength{\headheight}{15.13202pt}.
(fancyhdr)                You might also make \topmargin smaller:
(fancyhdr)                \addtolength{\topmargin}{-0.51344pt}.

[112 <./class_diagram_sprint3.png (PNG copy)>]
<reimbursement_form.png, id=3454, 1422.0628pt x 633.86812pt>
File: reimbursement_form.png Graphic file (type png)
<use reimbursement_form.png>
Package pdftex.def Info: reimbursement_form.png  used on input line 3047.
(pdftex.def)             Requested size: 455.24411pt x 202.91931pt.


Package fancyhdr Warning: \headheight is too small (14.61858pt): 
(fancyhdr)                Make it at least 15.13202pt, for example:
(fancyhdr)                \setlength{\headheight}{15.13202pt}.
(fancyhdr)                You might also make \topmargin smaller:
(fancyhdr)                \addtolength{\topmargin}{-0.51344pt}.

[113 <./validated_notes.png> <./reimbursement_form.png>]
<reimbursement_list.png, id=3461, 1423.56844pt x 694.84593pt>
File: reimbursement_list.png Graphic file (type png)
<use reimbursement_list.png>
Package pdftex.def Info: reimbursement_list.png  used on input line 3057.
(pdftex.def)             Requested size: 455.24411pt x 222.1962pt.
<order_details.png, id=3462, 1420.55719pt x 536.0025pt>
File: order_details.png Graphic file (type png)
<use order_details.png>
Package pdftex.def Info: order_details.png  used on input line 3074.
(pdftex.def)             Requested size: 455.24411pt x 171.76965pt.


Package fancyhdr Warning: \headheight is too small (14.61858pt): 
(fancyhdr)                Make it at least 15.13202pt, for example:
(fancyhdr)                \setlength{\headheight}{15.13202pt}.
(fancyhdr)                You might also make \topmargin smaller:
(fancyhdr)                \addtolength{\topmargin}{-0.51344pt}.

[114 <./reimbursement_list.png>]
<payment_confirmation_modal.png, id=3468, 957.5775pt x 450.9347pt>
File: payment_confirmation_modal.png Graphic file (type png)
<use payment_confirmation_modal.png>
Package pdftex.def Info: payment_confirmation_modal.png  used on input line 308
4.
(pdftex.def)             Requested size: 455.24411pt x 214.38197pt.


Package fancyhdr Warning: \headheight is too small (14.61858pt): 
(fancyhdr)                Make it at least 15.13202pt, for example:
(fancyhdr)                \setlength{\headheight}{15.13202pt}.
(fancyhdr)                You might also make \topmargin smaller:
(fancyhdr)                \addtolength{\topmargin}{-0.51344pt}.

[115 <./order_details.png> <./payment_confirmation_modal.png>]
<reject_modal.png, id=3476, 1139.75812pt x 651.93562pt>
File: reject_modal.png Graphic file (type png)
<use reject_modal.png>
Package pdftex.def Info: reject_modal.png  used on input line 3094.
(pdftex.def)             Requested size: 455.24411pt x 260.3916pt.
<archive_page.png, id=3477, 1425.82687pt x 681.29532pt>
File: archive_page.png Graphic file (type png)
<use archive_page.png>
Package pdftex.def Info: archive_page.png  used on input line 3109.
(pdftex.def)             Requested size: 455.24411pt x 217.51996pt.


Package fancyhdr Warning: \headheight is too small (14.61858pt): 
(fancyhdr)                Make it at least 15.13202pt, for example:
(fancyhdr)                \setlength{\headheight}{15.13202pt}.
(fancyhdr)                You might also make \topmargin smaller:
(fancyhdr)                \addtolength{\topmargin}{-0.51344pt}.

[116 <./reject_modal.png>]
<noteinterne.jpeg, id=3483, 1606.0pt x 876.27374pt>
File: noteinterne.jpeg Graphic file (type jpg)
<use noteinterne.jpeg>
Package pdftex.def Info: noteinterne.jpeg  used on input line 3124.
(pdftex.def)             Requested size: 455.24411pt x 248.39015pt.
<mesagerie_note_interne.jpeg, id=3484, 1606.0pt x 882.29625pt>
File: mesagerie_note_interne.jpeg Graphic file (type jpg)
<use mesagerie_note_interne.jpeg>
Package pdftex.def Info: mesagerie_note_interne.jpeg  used on input line 3130.
(pdftex.def)             Requested size: 455.24411pt x 250.0973pt.


Package fancyhdr Warning: \headheight is too small (14.61858pt): 
(fancyhdr)                Make it at least 15.13202pt, for example:
(fancyhdr)                \setlength{\headheight}{15.13202pt}.
(fancyhdr)                You might also make \topmargin smaller:
(fancyhdr)                \addtolength{\topmargin}{-0.51344pt}.

[117 <./archive_page.png>]
<discussion_note_interne.jpeg, id=3490, 1606.0pt x 876.27374pt>
File: discussion_note_interne.jpeg Graphic file (type jpg)
<use discussion_note_interne.jpeg>
Package pdftex.def Info: discussion_note_interne.jpeg  used on input line 3136.

(pdftex.def)             Requested size: 455.24411pt x 248.39015pt.


Package fancyhdr Warning: \headheight is too small (14.61858pt): 
(fancyhdr)                Make it at least 15.13202pt, for example:
(fancyhdr)                \setlength{\headheight}{15.13202pt}.
(fancyhdr)                You might also make \topmargin smaller:
(fancyhdr)                \addtolength{\topmargin}{-0.51344pt}.

[118 <./noteinterne.jpeg> <./mesagerie_note_interne.jpeg>]
<dashboard_projet.jpeg, id=3495, 1769.61125pt x 2398.9625pt>
File: dashboard_projet.jpeg Graphic file (type jpg)
<use dashboard_projet.jpeg>
Package pdftex.def Info: dashboard_projet.jpeg  used on input line 3152.
(pdftex.def)             Requested size: 455.24411pt x 617.12662pt.


Package fancyhdr Warning: \headheight is too small (14.61858pt): 
(fancyhdr)                Make it at least 15.13202pt, for example:
(fancyhdr)                \setlength{\headheight}{15.13202pt}.
(fancyhdr)                You might also make \topmargin smaller:
(fancyhdr)                \addtolength{\topmargin}{-0.51344pt}.

[119 <./discussion_note_interne.jpeg>]

Package fancyhdr Warning: \headheight is too small (14.61858pt): 
(fancyhdr)                Make it at least 15.13202pt, for example:
(fancyhdr)                \setlength{\headheight}{15.13202pt}.
(fancyhdr)                You might also make \topmargin smaller:
(fancyhdr)                \addtolength{\topmargin}{-0.51344pt}.

[120 <./dashboard_projet.jpeg>]
<exported_data.png, id=3504, 1156.32pt x 648.62325pt>
File: exported_data.png Graphic file (type png)
<use exported_data.png>
Package pdftex.def Info: exported_data.png  used on input line 3162.
(pdftex.def)             Requested size: 455.24411pt x 255.35716pt.
<docker_interface.png, id=3505, 1445.4pt x 867.24pt>
File: docker_interface.png Graphic file (type png)
<use docker_interface.png>
Package pdftex.def Info: docker_interface.png  used on input line 3184.
(pdftex.def)             Requested size: 409.71692pt x 245.82944pt.


Package fancyhdr Warning: \headheight is too small (14.61858pt): 
(fancyhdr)                Make it at least 15.13202pt, for example:
(fancyhdr)                \setlength{\headheight}{15.13202pt}.
(fancyhdr)                You might also make \topmargin smaller:
(fancyhdr)                \addtolength{\topmargin}{-0.51344pt}.

[121 <./exported_data.png>]

Package fancyhdr Warning: \headheight is too small (14.61858pt): 
(fancyhdr)                Make it at least 15.13202pt, for example:
(fancyhdr)                \setlength{\headheight}{15.13202pt}.
(fancyhdr)                You might also make \topmargin smaller:
(fancyhdr)                \addtolength{\topmargin}{-0.51344pt}.

[122 <./docker_interface.png>]
Chapitre 7.
[123

]
Underfull \hbox (badness 6268) in paragraph at lines 3226--3226
\T1/ptm/m/n/12 ma-na-ger, je veux que le
 []


Underfull \hbox (badness 1205) in paragraph at lines 3228--3229
\T1/ptm/m/n/12 thon (OCR, FAISS, Sen-ten-ce-
 []


Underfull \hbox (badness 10000) in paragraph at lines 3229--3230
[]|\T1/ptm/m/n/12 - End-point Java : /check-
 []


Underfull \hbox (badness 1102) in paragraph at lines 3230--3231
[]|\T1/ptm/m/n/12 - In-dexa-tion des fi-chiers dans
 []


Underfull \hbox (badness 10000) in paragraph at lines 3237--3238
[]|\T1/ptm/m/n/12 - End-point Java : /detect-
 []


Underfull \hbox (badness 4266) in paragraph at lines 3238--3239
[]|\T1/ptm/m/n/12 - Ser-vice Py-thon : Iso-la-tion
 []


Underfull \hbox (badness 6445) in paragraph at lines 3238--3239
\T1/ptm/m/n/12 Fo-rest sur his-to-rique uti-li-sa-
 []


Underfull \hbox (badness 10000) in paragraph at lines 3239--3240
[]|\T1/ptm/m/n/12 - Ajout des champs
 []


Underfull \hbox (badness 10000) in paragraph at lines 3239--3240
\T1/pcr/m/n/12 isAnomalyDepense\T1/ptm/m/n/12 ,
 []


Underfull \hbox (badness 2452) in paragraph at lines 3246--3247
[]|\T1/ptm/m/n/12 - Ser-vice Py-thon d'ex-trac-tion
 []


Underfull \hbox (badness 1221) in paragraph at lines 3254--3254
\T1/ptm/m/n/12 tËme com-pare au-to-ma-ti-que-
 []


Underfull \hbox (badness 1052) in paragraph at lines 3254--3254
\T1/ptm/m/n/12 laire de note de frais avec
 []


Underfull \hbox (badness 1762) in paragraph at lines 3256--3257
[]|\T1/ptm/m/n/12 - End-point /analyze-full (Java
 []


Underfull \hbox (badness 2698) in paragraph at lines 3256--3257
\T1/ptm/m/n/12 ap-pel-lera le mi-cro-ser-vice Py-
 []


Underfull \hbox (badness 1939) in paragraph at lines 3257--3258
[]|\T1/ptm/m/n/12 - Ser-vice Py-thon : ex-trac-tion
 []


Underfull \hbox (badness 2302) in paragraph at lines 3259--3260
[]|\T1/ptm/m/n/12 - Sto-ckage du rÈ-sul-tat JSON
 []


Underfull \hbox (badness 6220) in paragraph at lines 3264--3264
\T1/ptm/m/n/12 to-ma-ti-que-ment les champs
 []


Underfull \hbox (badness 10000) in paragraph at lines 3267--3268
[]|\T1/ptm/m/n/12 - Fron-tend : af-fi-chage des
 []


Underfull \hbox (badness 1629) in paragraph at lines 3267--3268
\T1/ptm/m/n/12 champs ex-traits et ap-pli-ca-tion
 []


Underfull \hbox (badness 10000) in paragraph at lines 3273--3274
[]|\T1/ptm/m/n/12 - CrÈa-tion du com-po-sant
 []


Underfull \hbox (badness 4048) in paragraph at lines 3274--3275
[]|\T1/ptm/m/n/12 - Gra-phiques : Èvo-lu-tion du
 []


Underfull \hbox (badness 1354) in paragraph at lines 3276--3277
[]|\T1/ptm/m/n/12 - In-tÈ-gra-tion du filtre pÈ-riode
 []


Underfull \hbox (badness 10000) in paragraph at lines 3276--3277
\T1/ptm/m/n/12 (au-jour-d'hui, se-maine, mois,
 []


Underfull \hbox (badness 1603) in paragraph at lines 3280--3280
\T1/ptm/m/n/12 de mon dÈ-par-te-ment, l'Ètat
 []


Underfull \hbox (badness 10000) in paragraph at lines 3282--3283
[]|\T1/ptm/m/n/12 - Com-po-sant
 []


Underfull \hbox (badness 1365) in paragraph at lines 3289--3289
\T1/ptm/m/n/12 notes, mon-tants rem-bour-sÈs
 []


Underfull \hbox (badness 1603) in paragraph at lines 3289--3289
\T1/ptm/m/n/12 par mois, ano-ma-lies dÈ-tec-
 []


Underfull \hbox (badness 10000) in paragraph at lines 3291--3292
[]|\T1/ptm/m/n/12 - Com-po-sant
 []


Underfull \hbox (badness 1590) in paragraph at lines 3292--3293
[]|\T1/ptm/m/n/12 - KPIs : notes en at-tente de
 []


Underfull \hbox (badness 1253) in paragraph at lines 3293--3294
\T1/ptm/m/n/12 fraudes par type, per-for-mance
 []

ignored error: Infinite glue shrinkage found in box being split

Package fancyhdr Warning: \headheight is too small (14.61858pt): 
(fancyhdr)                Make it at least 15.13202pt, for example:
(fancyhdr)                \setlength{\headheight}{15.13202pt}.
(fancyhdr)                You might also make \topmargin smaller:
(fancyhdr)                \addtolength{\topmargin}{-0.51344pt}.

[124

]
ignored error: Infinite glue shrinkage found in box being split

Package fancyhdr Warning: \headheight is too small (14.61858pt): 
(fancyhdr)                Make it at least 15.13202pt, for example:
(fancyhdr)                \setlength{\headheight}{15.13202pt}.
(fancyhdr)                You might also make \topmargin smaller:
(fancyhdr)                \addtolength{\topmargin}{-0.51344pt}.

[125]
ignored error: Infinite glue shrinkage found in box being split

Package fancyhdr Warning: \headheight is too small (14.61858pt): 
(fancyhdr)                Make it at least 15.13202pt, for example:
(fancyhdr)                \setlength{\headheight}{15.13202pt}.
(fancyhdr)                You might also make \topmargin smaller:
(fancyhdr)                \addtolength{\topmargin}{-0.51344pt}.

[126]

Package caption Warning: The option `hypcap=true' will be ignored for this
(caption)                particular \caption on input line 3309.
See the caption package documentation for explanation.

<usecase_sprint4.png, id=3535, 5163.29pt x 4123.405pt>
File: usecase_sprint4.png Graphic file (type png)
<use usecase_sprint4.png>
Package pdftex.def Info: usecase_sprint4.png  used on input line 3319.
(pdftex.def)             Requested size: 455.22182pt x 421.6136pt.

Package fancyhdr Warning: \headheight is too small (14.61858pt): 
(fancyhdr)                Make it at least 15.13202pt, for example:
(fancyhdr)                \setlength{\headheight}{15.13202pt}.
(fancyhdr)                You might also make \topmargin smaller:
(fancyhdr)                \addtolength{\topmargin}{-0.51344pt}.

[127]
Overfull \hbox (4.31679pt too wide) in paragraph at lines 3350--3350
[]|[]| 
 []


Overfull \hbox (10.11275pt too wide) in paragraph at lines 3363--3363
[]|[]| 
 []

ignored error: Infinite glue shrinkage found in box being split

Package fancyhdr Warning: \headheight is too small (14.61858pt): 
(fancyhdr)                Make it at least 15.13202pt, for example:
(fancyhdr)                \setlength{\headheight}{15.13202pt}.
(fancyhdr)                You might also make \topmargin smaller:
(fancyhdr)                \addtolength{\topmargin}{-0.51344pt}.

[128 <./usecase_sprint4.png>]
ignored error: Infinite glue shrinkage found in box being split

Package fancyhdr Warning: \headheight is too small (14.61858pt): 
(fancyhdr)                Make it at least 15.13202pt, for example:
(fancyhdr)                \setlength{\headheight}{15.13202pt}.
(fancyhdr)                You might also make \topmargin smaller:
(fancyhdr)                \addtolength{\topmargin}{-0.51344pt}.

[129]
Overfull \hbox (4.31679pt too wide) in paragraph at lines 3398--3398
[]|[]| 
 []


Underfull \hbox (badness 10000) in paragraph at lines 3410--3410
[]|\T1/ptm/b/n/12 ScÈnario al-ter-
 []


Package fancyhdr Warning: \headheight is too small (14.61858pt): 
(fancyhdr)                Make it at least 15.13202pt, for example:
(fancyhdr)                \setlength{\headheight}{15.13202pt}.
(fancyhdr)                You might also make \topmargin smaller:
(fancyhdr)                \addtolength{\topmargin}{-0.51344pt}.

[130]
<cycle_modif.png, id=3559, 7720.845pt x 10977.01pt>
File: cycle_modif.png Graphic file (type png)
<use cycle_modif.png>
Package pdftex.def Info: cycle_modif.png  used on input line 3432.
(pdftex.def)             Requested size: 409.71692pt x 582.38176pt.


Package fancyhdr Warning: \headheight is too small (14.61858pt): 
(fancyhdr)                Make it at least 15.13202pt, for example:
(fancyhdr)                \setlength{\headheight}{15.13202pt}.
(fancyhdr)                You might also make \topmargin smaller:
(fancyhdr)                \addtolength{\topmargin}{-0.51344pt}.

[131]
<class_diagram_sprint4.png, id=3564, 1206.5075pt x 1038.88126pt>
File: class_diagram_sprint4.png Graphic file (type png)
<use class_diagram_sprint4.png>
Package pdftex.def Info: class_diagram_sprint4.png  used on input line 3442.
(pdftex.def)             Requested size: 409.71007pt x 527.08003pt.


Package fancyhdr Warning: \headheight is too small (14.61858pt): 
(fancyhdr)                Make it at least 15.13202pt, for example:
(fancyhdr)                \setlength{\headheight}{15.13202pt}.
(fancyhdr)                You might also make \topmargin smaller:
(fancyhdr)                \addtolength{\topmargin}{-0.51344pt}.

[132 <./cycle_modif.png>]
<deploiement_sp4.png, id=3571, 8221.71625pt x 5661.15pt>
File: deploiement_sp4.png Graphic file (type png)
<use deploiement_sp4.png>
Package pdftex.def Info: deploiement_sp4.png  used on input line 3452.
(pdftex.def)             Requested size: 546.22292pt x 376.10759pt.


Package fancyhdr Warning: \headheight is too small (14.61858pt): 
(fancyhdr)                Make it at least 15.13202pt, for example:
(fancyhdr)                \setlength{\headheight}{15.13202pt}.
(fancyhdr)                You might also make \topmargin smaller:
(fancyhdr)                \addtolength{\topmargin}{-0.51344pt}.

[133 <./class_diagram_sprint4.png (PNG copy)>]

! LaTeX Error: Unicode character ‚ÄØ (U+202F)
               not set up for use with LaTeX.

See the LaTeX manual or LaTeX Companion for explanation.
Type  H <return>  for immediate help.
 ...                                              
                                                  
l.3457 ...√† l‚Äôimpl√©mentation d‚Äôun mod√®le‚ÄØ
                                                  : elle n√©cessite une appr...

You may provide a definition with
\DeclareUnicodeCharacter 


! LaTeX Error: Unicode character ‚ÄØ (U+202F)
               not set up for use with LaTeX.

See the LaTeX manual or LaTeX Companion for explanation.
Type  H <return>  for immediate help.
 ...                                              
                                                  
l.3457 ...donn√©es. CRISP-DM a √©t√© retenu car‚ÄØ
                                                  :
You may provide a definition with
\DeclareUnicodeCharacter 


Package fancyhdr Warning: \headheight is too small (14.61858pt): 
(fancyhdr)                Make it at least 15.13202pt, for example:
(fancyhdr)                \setlength{\headheight}{15.13202pt}.
(fancyhdr)                You might also make \topmargin smaller:
(fancyhdr)                \addtolength{\topmargin}{-0.51344pt}.

[134 <./deploiement_sp4.png (PNG copy)>]

! LaTeX Error: Unicode character ‚ÄØ (U+202F)
               not set up for use with LaTeX.

See the LaTeX manual or LaTeX Companion for explanation.
Type  H <return>  for immediate help.
 ...                                              
                                                  
l.3461 ...elle pour d√©finir ce qu‚Äôest une ¬´‚ÄØ
                                                  anomalie‚ÄØ¬ª.
You may provide a definition with
\DeclareUnicodeCharacter 


! LaTeX Error: Unicode character ‚ÄØ (U+202F)
               not set up for use with LaTeX.

See the LaTeX manual or LaTeX Companion for explanation.
Type  H <return>  for immediate help.
 ...                                              
                                                  
l.3461 ...√©finir ce qu‚Äôest une ¬´‚ÄØanomalie‚ÄØ
                                                  ¬ª.
You may provide a definition with
\DeclareUnicodeCharacter 


! LaTeX Error: Unicode character ‚ÄØ (U+202F)
               not set up for use with LaTeX.

See the LaTeX manual or LaTeX Companion for explanation.
Type  H <return>  for immediate help.
 ...                                              
                                                  
l.3464 ...e sur les objectifs m√©tier du sprint‚ÄØ
                                                  4.
You may provide a definition with
\DeclareUnicodeCharacter 


Package fancyhdr Warning: \headheight is too small (14.61858pt): 
(fancyhdr)                Make it at least 15.13202pt, for example:
(fancyhdr)                \setlength{\headheight}{15.13202pt}.
(fancyhdr)                You might also make \topmargin smaller:
(fancyhdr)                \addtolength{\topmargin}{-0.51344pt}.

[135]
Underfull \hbox (badness 10000) in paragraph at lines 3508--3508
[]|\T1/ptm/m/n/12 FacilitÈ
 []


Underfull \hbox (badness 10000) in paragraph at lines 3508--3508
\T1/ptm/m/n/12 site confi-gu-ra-
 []


Underfull \hbox (badness 10000) in paragraph at lines 3508--3508
[]|\T1/ptm/m/n/12 Facile (ins-tal-la-
 []


Underfull \hbox (badness 10000) in paragraph at lines 3510--3510
\T1/ptm/m/n/12 multi-langues
 []


Underfull \hbox (badness 10000) in paragraph at lines 3510--3510
[]|\T1/ptm/m/n/12 Bonne, mais
 []


Underfull \hbox (badness 1406) in paragraph at lines 3510--3510
\T1/ptm/m/n/12 moins fiable sur
 []


Underfull \hbox (badness 10000) in paragraph at lines 3510--3511
[]|\T1/ptm/m/n/12 Parfaite pour
 []


Underfull \hbox (badness 10000) in paragraph at lines 3510--3511
\T1/ptm/m/n/12 PDF tex-tuels
 []


Underfull \hbox (badness 10000) in paragraph at lines 3510--3511
\T1/ptm/m/n/12 (ex-trac-tion du
 []


Underfull \hbox (badness 5316) in paragraph at lines 3510--3511
\T1/ptm/m/n/12 texte na-tif sans
 []


Underfull \hbox (badness 10000) in paragraph at lines 3516--3516
[]|\T1/ptm/m/n/12 Lourd en mÈ-
 []


Underfull \hbox (badness 10000) in paragraph at lines 3516--3516
\T1/ptm/m/n/12 moire, nÈ-ces-site
 []


Underfull \hbox (badness 10000) in paragraph at lines 3516--3517
[]|\T1/ptm/m/n/12 Ne fonc-tionne
 []


Underfull \hbox (badness 10000) in paragraph at lines 3516--3517
\T1/ptm/m/n/12 pas sur PDF
 []


Package fancyhdr Warning: \headheight is too small (14.61858pt): 
(fancyhdr)                Make it at least 15.13202pt, for example:
(fancyhdr)                \setlength{\headheight}{15.13202pt}.
(fancyhdr)                You might also make \topmargin smaller:
(fancyhdr)                \addtolength{\topmargin}{-0.51344pt}.

[136]
Underfull \hbox (badness 1342) in paragraph at lines 3530--3531
[]\T1/ptm/b/n/12 Stockage \T1/ptm/m/n/12 : les rÈ-sul-tats d'ex-trac-tion et d'
ana-lyse sont conser-vÈs dans les tables
 []


Underfull \hbox (badness 2884) in paragraph at lines 3530--3531
\T1/pcr/m/n/12 expense_extractions\T1/ptm/m/n/12 , \T1/pcr/m/n/12 expense_note_
extractions \T1/ptm/m/n/12 ainsi que dans le
 []

<paddle_ocr.png, id=3590, 770.88pt x 1027.84pt>
File: paddle_ocr.png Graphic file (type png)
<use paddle_ocr.png>
Package pdftex.def Info: paddle_ocr.png  used on input line 3540.
(pdftex.def)             Requested size: 318.66948pt x 424.8832pt.
<paddle_ocr2.png, id=3591, 464.73625pt x 932.48375pt>
File: paddle_ocr2.png Graphic file (type png)
<use paddle_ocr2.png>
Package pdftex.def Info: paddle_ocr2.png  used on input line 3547.
(pdftex.def)             Requested size: 318.67569pt x 351.38797pt.

Package fancyhdr Warning: \headheight is too small (14.61858pt): 
(fancyhdr)                Make it at least 15.13202pt, for example:
(fancyhdr)                \setlength{\headheight}{15.13202pt}.
(fancyhdr)                You might also make \topmargin smaller:
(fancyhdr)                \addtolength{\topmargin}{-0.51344pt}.

[137 <./paddle_ocr.png (PNG copy)>]

Package fancyhdr Warning: \headheight is too small (14.61858pt): 
(fancyhdr)                Make it at least 15.13202pt, for example:
(fancyhdr)                \setlength{\headheight}{15.13202pt}.
(fancyhdr)                You might also make \topmargin smaller:
(fancyhdr)                \addtolength{\topmargin}{-0.51344pt}.

[138 <./paddle_ocr2.png (PNG copy)>]
<tesseract.png, id=3601, 1135.24126pt x 1606.0pt>
File: tesseract.png Graphic file (type png)
<use tesseract.png>
Package pdftex.def Info: tesseract.png  used on input line 3556.
(pdftex.def)             Requested size: 318.66948pt x 450.8042pt.


Package fancyhdr Warning: \headheight is too small (14.61858pt): 
(fancyhdr)                Make it at least 15.13202pt, for example:
(fancyhdr)                \setlength{\headheight}{15.13202pt}.
(fancyhdr)                You might also make \topmargin smaller:
(fancyhdr)                \addtolength{\topmargin}{-0.51344pt}.

[139 <./tesseract.png (PNG copy)>]
<anomaly_distribution.png, id=3607, 1118.37825pt x 549.252pt>
File: anomaly_distribution.png Graphic file (type png)
<use anomaly_distribution.png>
Package pdftex.def Info: anomaly_distribution.png  used on input line 3601.
(pdftex.def)             Requested size: 418.81061pt x 281.10376pt.


Package fancyhdr Warning: \headheight is too small (14.61858pt): 
(fancyhdr)                Make it at least 15.13202pt, for example:
(fancyhdr)                \setlength{\headheight}{15.13202pt}.
(fancyhdr)                You might also make \topmargin smaller:
(fancyhdr)                \addtolength{\topmargin}{-0.51344pt}.

[140 <./anomaly_distribution.png>]
<text_cleaner.png, id=3615, 809.424pt x 301.125pt>
File: text_cleaner.png Graphic file (type png)
<use text_cleaner.png>
Package pdftex.def Info: text_cleaner.png  used on input line 3626.
(pdftex.def)             Requested size: 364.19667pt x 135.4912pt.

Underfull \hbox (badness 1502) in paragraph at lines 3632--3633
[]\T1/ptm/m/n/12 Pour chaque jus-ti-fi-ca-tif, le texte net-toyÈ est en-codÈ en
 vec-teur de 384 di-men-sions ‡
 []


Package fancyhdr Warning: \headheight is too small (14.61858pt): 
(fancyhdr)                Make it at least 15.13202pt, for example:
(fancyhdr)                \setlength{\headheight}{15.13202pt}.
(fancyhdr)                You might also make \topmargin smaller:
(fancyhdr)                \addtolength{\topmargin}{-0.51344pt}.

[141 <./text_cleaner.png>]
<add_to_index.png, id=3621, 858.20625pt x 335.45325pt>
File: add_to_index.png Graphic file (type png)
<use add_to_index.png>
Package pdftex.def Info: add_to_index.png  used on input line 3638.
(pdftex.def)             Requested size: 364.19667pt x 142.35843pt.
<get_user_category.png, id=3622, 844.3545pt x 340.27126pt>
File: get_user_category.png Graphic file (type png)
<use get_user_category.png>
Package pdftex.def Info: get_user_category.png  used on input line 3648.
(pdftex.def)             Requested size: 318.66948pt x 128.42175pt.
<accord_json.png, id=3623, 597.432pt x 389.65575pt>
File: accord_json.png Graphic file (type png)
<use accord_json.png>
Package pdftex.def Info: accord_json.png  used on input line 3662.
(pdftex.def)             Requested size: 409.71692pt x 267.23363pt.


Package fancyhdr Warning: \headheight is too small (14.61858pt): 
(fancyhdr)                Make it at least 15.13202pt, for example:
(fancyhdr)                \setlength{\headheight}{15.13202pt}.
(fancyhdr)                You might also make \topmargin smaller:
(fancyhdr)                \addtolength{\topmargin}{-0.51344pt}.

[142 <./add_to_index.png> <./get_user_category.png>]
Underfull \hbox (badness 1199) in paragraph at lines 3668--3670
[]\T1/ptm/m/n/12 Le for-mu-laire An-gu-lar contient des champs cor-res-pon-dant
 ‡ l'ac-cord. Dans le ser-vice
 []

<compare.png, id=3630, 852.786pt x 331.83975pt>
File: compare.png Graphic file (type png)
<use compare.png>
Package pdftex.def Info: compare.png  used on input line 3677.
(pdftex.def)             Requested size: 386.96027pt x 150.57211pt.

Package fancyhdr Warning: \headheight is too small (14.61858pt): 
(fancyhdr)                Make it at least 15.13202pt, for example:
(fancyhdr)                \setlength{\headheight}{15.13202pt}.
(fancyhdr)                You might also make \topmargin smaller:
(fancyhdr)                \addtolength{\topmargin}{-0.51344pt}.

[143 <./accord_json.png> <./compare.png>]
<logo_hash.png, id=3640, 256.96pt x 256.96pt>
File: logo_hash.png Graphic file (type png)
<use logo_hash.png>
Package pdftex.def Info: logo_hash.png  used on input line 3707.
(pdftex.def)             Requested size: 109.2601pt x 109.25948pt.
<logo_bert.png, id=3641, 1027.84pt x 1027.84pt>
File: logo_bert.png Graphic file (type png)
<use logo_bert.png>
Package pdftex.def Info: logo_bert.png  used on input line 3718.
(pdftex.def)             Requested size: 109.2601pt x 109.25163pt.


Package fancyhdr Warning: \headheight is too small (14.61858pt): 
(fancyhdr)                Make it at least 15.13202pt, for example:
(fancyhdr)                \setlength{\headheight}{15.13202pt}.
(fancyhdr)                You might also make \topmargin smaller:
(fancyhdr)                \addtolength{\topmargin}{-0.51344pt}.

[144 <./logo_hash.png>]
<logo_faiss.png, id=3648, 1027.84pt x 513.92pt>
File: logo_faiss.png Graphic file (type png)
<use logo_faiss.png>
Package pdftex.def Info: logo_faiss.png  used on input line 3729.
(pdftex.def)             Requested size: 109.2601pt x 54.62581pt.
<cm_hash.png, id=3649, 432.4155pt x 326.4195pt>
File: cm_hash.png Graphic file (type png)
<use cm_hash.png>
Package pdftex.def Info: cm_hash.png  used on input line 3744.
(pdftex.def)             Requested size: 204.85844pt x 175.70107pt.
<cm_bert.png, id=3650, 432.4155pt x 320.99925pt>
File: cm_bert.png Graphic file (type png)
<use cm_bert.png>
Package pdftex.def Info: cm_bert.png  used on input line 3751.
(pdftex.def)             Requested size: 204.85844pt x 175.70276pt.
<cm_faiss.png, id=3651, 431.81325pt x 322.806pt>
File: cm_faiss.png Graphic file (type png)
<use cm_faiss.png>
Package pdftex.def Info: cm_faiss.png  used on input line 3759.
(pdftex.def)             Requested size: 227.62779pt x 175.69673pt.


Package fancyhdr Warning: \headheight is too small (14.61858pt): 
(fancyhdr)                Make it at least 15.13202pt, for example:
(fancyhdr)                \setlength{\headheight}{15.13202pt}.
(fancyhdr)                You might also make \topmargin smaller:
(fancyhdr)                \addtolength{\topmargin}{-0.51344pt}.

[145 <./logo_bert.png> <./logo_faiss.png (PNG copy)> <./cm_hash.png> <./cm_bert
.png>]
<f1_score_doublons.png, id=3663, 514.92375pt x 325.81725pt>
File: f1_score_doublons.png Graphic file (type png)
<use f1_score_doublons.png>
Package pdftex.def Info: f1_score_doublons.png  used on input line 3783.
(pdftex.def)             Requested size: 318.66948pt x 201.64166pt.
<logo_mistral.png, id=3664, 282.05376pt x 180.675pt>
File: logo_mistral.png Graphic file (type png)
<use logo_mistral.png>
Package pdftex.def Info: logo_mistral.png  used on input line 3793.
(pdftex.def)             Requested size: 109.2601pt x 69.98877pt.


Package fancyhdr Warning: \headheight is too small (14.61858pt): 
(fancyhdr)                Make it at least 15.13202pt, for example:
(fancyhdr)                \setlength{\headheight}{15.13202pt}.
(fancyhdr)                You might also make \topmargin smaller:
(fancyhdr)                \addtolength{\topmargin}{-0.51344pt}.

[146 <./cm_faiss.png> <./f1_score_doublons.png>]
<logo_gemma.png, id=3674, 602.25pt x 602.25pt>
File: logo_gemma.png Graphic file (type png)
<use logo_gemma.png>
Package pdftex.def Info: logo_gemma.png  used on input line 3804.
(pdftex.def)             Requested size: 109.2601pt x 109.25494pt.
<logo_llama.png, id=3675, 301.125pt x 168.63pt>
File: logo_llama.png Graphic file (type png)
<use logo_llama.png>
Package pdftex.def Info: logo_llama.png  used on input line 3815.
(pdftex.def)             Requested size: 109.2601pt x 61.18533pt.
<cm_mistral.png, id=3676, 434.8245pt x 336.0555pt>
File: cm_mistral.png Graphic file (type png)
<use cm_mistral.png>
Package pdftex.def Info: cm_mistral.png  used on input line 3831.
(pdftex.def)             Requested size: 204.8585pt x 175.6985pt.
<cm_gemma.png, id=3677, 431.81325pt x 337.86224pt>
File: cm_gemma.png Graphic file (type png)
<use cm_gemma.png>
Package pdftex.def Info: cm_gemma.png  used on input line 3838.
(pdftex.def)             Requested size: 204.86304pt x 175.69452pt.
<cm_llama.png, id=3678, 429.40425pt x 336.0555pt>
File: cm_llama.png Graphic file (type png)
<use cm_llama.png>
Package pdftex.def Info: cm_llama.png  used on input line 3846.
(pdftex.def)             Requested size: 227.62247pt x 175.6985pt.


Package fancyhdr Warning: \headheight is too small (14.61858pt): 
(fancyhdr)                Make it at least 15.13202pt, for example:
(fancyhdr)                \setlength{\headheight}{15.13202pt}.
(fancyhdr)                You might also make \topmargin smaller:
(fancyhdr)                \addtolength{\topmargin}{-0.51344pt}.

[147 <./logo_mistral.png (PNG copy)> <./logo_gemma.png (PNG copy)> <./logo_llam
a.png (PNG copy)> <./cm_mistral.png> <./cm_gemma.png>]
<radar_llm.png, id=3687, 582.37575pt x 534.19576pt>
File: radar_llm.png Graphic file (type png)
<use radar_llm.png>
Package pdftex.def Info: radar_llm.png  used on input line 3870.
(pdftex.def)             Requested size: 318.66948pt x 292.31691pt.


Package fancyhdr Warning: \headheight is too small (14.61858pt): 
(fancyhdr)                Make it at least 15.13202pt, for example:
(fancyhdr)                \setlength{\headheight}{15.13202pt}.
(fancyhdr)                You might also make \topmargin smaller:
(fancyhdr)                \addtolength{\topmargin}{-0.51344pt}.

[148 <./cm_llama.png> <./radar_llm.png>]
<architecture_ia.png, id=3697, 8222.72pt x 4559.0325pt>
File: architecture_ia.png Graphic file (type png)
<use architecture_ia.png>
Package pdftex.def Info: architecture_ia.png  used on input line 3904.
(pdftex.def)             Requested size: 409.71692pt x 227.1302pt.


Package fancyhdr Warning: \headheight is too small (14.61858pt): 
(fancyhdr)                Make it at least 15.13202pt, for example:
(fancyhdr)                \setlength{\headheight}{15.13202pt}.
(fancyhdr)                You might also make \topmargin smaller:
(fancyhdr)                \addtolength{\topmargin}{-0.51344pt}.

[149]
<code_sauvegarde_faiss.png, id=3704, 719.68875pt x 108.405pt>
File: code_sauvegarde_faiss.png Graphic file (type png)
<use code_sauvegarde_faiss.png>
Package pdftex.def Info: code_sauvegarde_faiss.png  used on input line 3925.
(pdftex.def)             Requested size: 455.24411pt x 68.57504pt.


Package fancyhdr Warning: \headheight is too small (14.61858pt): 
(fancyhdr)                Make it at least 15.13202pt, for example:
(fancyhdr)                \setlength{\headheight}{15.13202pt}.
(fancyhdr)                You might also make \topmargin smaller:
(fancyhdr)                \addtolength{\topmargin}{-0.51344pt}.

[150 <./architecture_ia.png (PNG copy)> <./code_sauvegarde_faiss.png>]
<duplicate_alert.png, id=3711, 1445.4pt x 772.38562pt>
File: duplicate_alert.png Graphic file (type png)
<use duplicate_alert.png>
Package pdftex.def Info: duplicate_alert.png  used on input line 3937.
(pdftex.def)             Requested size: 455.24411pt x 243.2674pt.
<anomaly_detection_line.png, id=3712, 1156.32pt x 620.91975pt>
File: anomaly_detection_line.png Graphic file (type png)
<use anomaly_detection_line.png>
Package pdftex.def Info: anomaly_detection_line.png  used on input line 3947.
(pdftex.def)             Requested size: 455.24411pt x 244.45055pt.


Package fancyhdr Warning: \headheight is too small (14.61858pt): 
(fancyhdr)                Make it at least 15.13202pt, for example:
(fancyhdr)                \setlength{\headheight}{15.13202pt}.
(fancyhdr)                You might also make \topmargin smaller:
(fancyhdr)                \addtolength{\topmargin}{-0.51344pt}.

[151 <./duplicate_alert.png>]
<auto_fill_fields_avant.png, id=3722, 1445.4pt x 777.65532pt>
File: auto_fill_fields_avant.png Graphic file (type png)
<use auto_fill_fields_avant.png>
Package pdftex.def Info: auto_fill_fields_avant.png  used on input line 3957.
(pdftex.def)             Requested size: 455.24411pt x 244.92712pt.
<auto_fill_fields_apr√©s.png, id=3723, 1445.4pt x 776.9025pt>
File: auto_fill_fields_apr√©s.png Graphic file (type png)
<use auto_fill_fields_apr√©s.png>
Package pdftex.def Info: auto_fill_fields_apr√©s.png  used on input line 3963.
(pdftex.def)             Requested size: 455.24411pt x 244.69002pt.


Package fancyhdr Warning: \headheight is too small (14.61858pt): 
(fancyhdr)                Make it at least 15.13202pt, for example:
(fancyhdr)                \setlength{\headheight}{15.13202pt}.
(fancyhdr)                You might also make \topmargin smaller:
(fancyhdr)                \addtolength{\topmargin}{-0.51344pt}.

[152 <./anomaly_detection_line.png> <./auto_fill_fields_avant.png>]
<accord_analysis.png, id=3733, 1445.4pt x 776.9025pt>
File: accord_analysis.png Graphic file (type png)
<use accord_analysis.png>
Package pdftex.def Info: accord_analysis.png  used on input line 3978.
(pdftex.def)             Requested size: 455.24411pt x 244.69002pt.


Package fancyhdr Warning: \headheight is too small (14.61858pt): 
(fancyhdr)                Make it at least 15.13202pt, for example:
(fancyhdr)                \setlength{\headheight}{15.13202pt}.
(fancyhdr)                You might also make \topmargin smaller:
(fancyhdr)                \addtolength{\topmargin}{-0.51344pt}.

[153 <./auto_fill_fields_apr√©s.png>]
<receipt_validation.png, id=3740, 1156.32pt x 620.3175pt>
File: receipt_validation.png Graphic file (type png)
<use receipt_validation.png>
Package pdftex.def Info: receipt_validation.png  used on input line 3989.
(pdftex.def)             Requested size: 455.24411pt x 244.21344pt.


Package fancyhdr Warning: \headheight is too small (14.61858pt): 
(fancyhdr)                Make it at least 15.13202pt, for example:
(fancyhdr)                \setlength{\headheight}{15.13202pt}.
(fancyhdr)                You might also make \topmargin smaller:
(fancyhdr)                \addtolength{\topmargin}{-0.51344pt}.

[154 <./accord_analysis.png> <./receipt_validation.png>]
<chatbot/chatbot_patterns.png, id=3750, 1044.15094pt x 576.65437pt>
File: chatbot/chatbot_patterns.png Graphic file (type png)
<use chatbot/chatbot_patterns.png>
Package pdftex.def Info: chatbot/chatbot_patterns.png  used on input line 4016.

(pdftex.def)             Requested size: 455.24411pt x 251.42336pt.


Package fancyhdr Warning: \headheight is too small (14.61858pt): 
(fancyhdr)                Make it at least 15.13202pt, for example:
(fancyhdr)                \setlength{\headheight}{15.13202pt}.
(fancyhdr)                You might also make \topmargin smaller:
(fancyhdr)                \addtolength{\topmargin}{-0.51344pt}.

[155]
<chatbot/chatbot_prompt.png, id=3755, 1041.8925pt x 657.2053pt>
File: chatbot/chatbot_prompt.png Graphic file (type png)
<use chatbot/chatbot_prompt.png>
Package pdftex.def Info: chatbot/chatbot_prompt.png  used on input line 4032.
(pdftex.def)             Requested size: 455.24411pt x 287.15556pt.


Package fancyhdr Warning: \headheight is too small (14.61858pt): 
(fancyhdr)                Make it at least 15.13202pt, for example:
(fancyhdr)                \setlength{\headheight}{15.13202pt}.
(fancyhdr)                You might also make \topmargin smaller:
(fancyhdr)                \addtolength{\topmargin}{-0.51344pt}.

[156 <./chatbot/chatbot_patterns.png>]
<chatbot/chatbot_session.png, id=3761, 1032.10594pt x 462.22687pt>
File: chatbot/chatbot_session.png Graphic file (type png)
<use chatbot/chatbot_session.png>
Package pdftex.def Info: chatbot/chatbot_session.png  used on input line 4061.
(pdftex.def)             Requested size: 455.24411pt x 203.88121pt.


Package fancyhdr Warning: \headheight is too small (14.61858pt): 
(fancyhdr)                Make it at least 15.13202pt, for example:
(fancyhdr)                \setlength{\headheight}{15.13202pt}.
(fancyhdr)                You might also make \topmargin smaller:
(fancyhdr)                \addtolength{\topmargin}{-0.51344pt}.

[157 <./chatbot/chatbot_prompt.png>]
<chatbot/chatbot_routing.png, id=3768, 1038.12843pt x 743.77875pt>
File: chatbot/chatbot_routing.png Graphic file (type png)
<use chatbot/chatbot_routing.png>
Package pdftex.def Info: chatbot/chatbot_routing.png  used on input line 4072.
(pdftex.def)             Requested size: 455.24411pt x 326.1628pt.
LaTeX Info: Symbol \textrightarrow not provided by
            font family ptm in TS1 encoding.
            Default family used instead on input line 4078.
LaTeX Info: Symbol \textrightarrow not provided by
            font family ptm in TS1 encoding.
            Default family used instead on input line 4079.


Package fancyhdr Warning: \headheight is too small (14.61858pt): 
(fancyhdr)                Make it at least 15.13202pt, for example:
(fancyhdr)                \setlength{\headheight}{15.13202pt}.
(fancyhdr)                You might also make \topmargin smaller:
(fancyhdr)                \addtolength{\topmargin}{-0.51344pt}.

[158 <./chatbot/chatbot_session.png> <./chatbot/chatbot_routing.png>]
LaTeX Info: Symbol \textrightarrow not provided by
            font family ptm in TS1 encoding.
            Default family used instead on input line 4080.
LaTeX Info: Symbol \textrightarrow not provided by
            font family ptm in TS1 encoding.
            Default family used instead on input line 4081.
<chatbot.png, id=3776, 1607.00375pt x 2050.66125pt>
File: chatbot.png Graphic file (type png)
<use chatbot.png>
Package pdftex.def Info: chatbot.png  used on input line 4088.
(pdftex.def)             Requested size: 409.71924pt x 562.22826pt.


Package fancyhdr Warning: \headheight is too small (14.61858pt): 
(fancyhdr)                Make it at least 15.13202pt, for example:
(fancyhdr)                \setlength{\headheight}{15.13202pt}.
(fancyhdr)                You might also make \topmargin smaller:
(fancyhdr)                \addtolength{\topmargin}{-0.51344pt}.

[159 <./chatbot.png (PNG copy)>]
<chatbot_interface.png, id=3784, 1156.32pt x 621.522pt>
File: chatbot_interface.png Graphic file (type png)
<use chatbot_interface.png>
Package pdftex.def Info: chatbot_interface.png  used on input line 4097.
(pdftex.def)             Requested size: 455.24411pt x 244.68765pt.
<dashboard-emp/Suite_1.png, id=3785, 1445.4pt x 766.36313pt>
File: dashboard-emp/Suite_1.png Graphic file (type png)
<use dashboard-emp/Suite_1.png>
Package pdftex.def Info: dashboard-emp/Suite_1.png  used on input line 4117.
(pdftex.def)             Requested size: 455.24411pt x 241.37057pt.
<dashboard-emp/Suite_2.png, id=3786, 1445.4pt x 772.38562pt>
File: dashboard-emp/Suite_2.png Graphic file (type png)
<use dashboard-emp/Suite_2.png>
Package pdftex.def Info: dashboard-emp/Suite_2.png  used on input line 4123.
(pdftex.def)             Requested size: 455.24411pt x 243.2674pt.


Package fancyhdr Warning: \headheight is too small (14.61858pt): 
(fancyhdr)                Make it at least 15.13202pt, for example:
(fancyhdr)                \setlength{\headheight}{15.13202pt}.
(fancyhdr)                You might also make \topmargin smaller:
(fancyhdr)                \addtolength{\topmargin}{-0.51344pt}.

[160 <./chatbot_interface.png>]
<dashboard-emp/Suite_3.png, id=3792, 1445.4pt x 779.16093pt>
File: dashboard-emp/Suite_3.png Graphic file (type png)
<use dashboard-emp/Suite_3.png>
Package pdftex.def Info: dashboard-emp/Suite_3.png  used on input line 4129.
(pdftex.def)             Requested size: 455.24411pt x 245.40132pt.
<dashboard-emp/Suite_4.png, id=3793, 1445.4pt x 770.12718pt>
File: dashboard-emp/Suite_4.png Graphic file (type png)
<use dashboard-emp/Suite_4.png>
Package pdftex.def Info: dashboard-emp/Suite_4.png  used on input line 4135.
(pdftex.def)             Requested size: 455.24411pt x 242.55609pt.


Package fancyhdr Warning: \headheight is too small (14.61858pt): 
(fancyhdr)                Make it at least 15.13202pt, for example:
(fancyhdr)                \setlength{\headheight}{15.13202pt}.
(fancyhdr)                You might also make \topmargin smaller:
(fancyhdr)                \addtolength{\topmargin}{-0.51344pt}.

[161 <./dashboard-emp/Suite_1.png> <./dashboard-emp/Suite_2.png>]

Package fancyhdr Warning: \headheight is too small (14.61858pt): 
(fancyhdr)                Make it at least 15.13202pt, for example:
(fancyhdr)                \setlength{\headheight}{15.13202pt}.
(fancyhdr)                You might also make \topmargin smaller:
(fancyhdr)                \addtolength{\topmargin}{-0.51344pt}.

[162 <./dashboard-emp/Suite_3.png> <./dashboard-emp/Suite_4.png>]
<dashboard-manager/Suite_1.png, id=3806, 1445.4pt x 772.38562pt>
File: dashboard-manager/Suite_1.png Graphic file (type png)
<use dashboard-manager/Suite_1.png>
Package pdftex.def Info: dashboard-manager/Suite_1.png  used on input line 4154
.
(pdftex.def)             Requested size: 455.24411pt x 243.2674pt.
<dashboard-manager/Suite_2.png, id=3807, 1445.4pt x 768.62157pt>
File: dashboard-manager/Suite_2.png Graphic file (type png)
<use dashboard-manager/Suite_2.png>
Package pdftex.def Info: dashboard-manager/Suite_2.png  used on input line 4160
.
(pdftex.def)             Requested size: 455.24411pt x 242.0819pt.
<dashboard-manager/Suite_3.png, id=3808, 1445.4pt x 770.12718pt>
File: dashboard-manager/Suite_3.png Graphic file (type png)
<use dashboard-manager/Suite_3.png>
Package pdftex.def Info: dashboard-manager/Suite_3.png  used on input line 4166
.
(pdftex.def)             Requested size: 455.24411pt x 242.55609pt.


Package fancyhdr Warning: \headheight is too small (14.61858pt): 
(fancyhdr)                Make it at least 15.13202pt, for example:
(fancyhdr)                \setlength{\headheight}{15.13202pt}.
(fancyhdr)                You might also make \topmargin smaller:
(fancyhdr)                \addtolength{\topmargin}{-0.51344pt}.

[163 <./dashboard-manager/Suite_1.png>]
<dashboard-manager/Suite_4.png, id=3815, 1445.4pt x 772.38562pt>
File: dashboard-manager/Suite_4.png Graphic file (type png)
<use dashboard-manager/Suite_4.png>
Package pdftex.def Info: dashboard-manager/Suite_4.png  used on input line 4172
.
(pdftex.def)             Requested size: 455.24411pt x 243.2674pt.
<dashboard-manager/Suite_5.png, id=3816, 1445.4pt x 768.62157pt>
File: dashboard-manager/Suite_5.png Graphic file (type png)
<use dashboard-manager/Suite_5.png>
Package pdftex.def Info: dashboard-manager/Suite_5.png  used on input line 4178
.
(pdftex.def)             Requested size: 455.24411pt x 242.0819pt.


Package fancyhdr Warning: \headheight is too small (14.61858pt): 
(fancyhdr)                Make it at least 15.13202pt, for example:
(fancyhdr)                \setlength{\headheight}{15.13202pt}.
(fancyhdr)                You might also make \topmargin smaller:
(fancyhdr)                \addtolength{\topmargin}{-0.51344pt}.

[164 <./dashboard-manager/Suite_2.png> <./dashboard-manager/Suite_3.png>]
<dashboard-manager/Suite_6.png, id=3823, 1445.4pt x 766.36313pt>
File: dashboard-manager/Suite_6.png Graphic file (type png)
<use dashboard-manager/Suite_6.png>
Package pdftex.def Info: dashboard-manager/Suite_6.png  used on input line 4184
.
(pdftex.def)             Requested size: 455.24411pt x 241.37057pt.


Package fancyhdr Warning: \headheight is too small (14.61858pt): 
(fancyhdr)                Make it at least 15.13202pt, for example:
(fancyhdr)                \setlength{\headheight}{15.13202pt}.
(fancyhdr)                You might also make \topmargin smaller:
(fancyhdr)                \addtolength{\topmargin}{-0.51344pt}.

[165 <./dashboard-manager/Suite_4.png> <./dashboard-manager/Suite_5.png>]
<dashboard-admin/Suite_1.png, id=3830, 1445.4pt x 774.64406pt>
File: dashboard-admin/Suite_1.png Graphic file (type png)
<use dashboard-admin/Suite_1.png>
Package pdftex.def Info: dashboard-admin/Suite_1.png  used on input line 4207.
(pdftex.def)             Requested size: 455.24411pt x 243.9787pt.
<dashboard-admin/Suite_2.png, id=3831, 1445.4pt x 772.38562pt>
File: dashboard-admin/Suite_2.png Graphic file (type png)
<use dashboard-admin/Suite_2.png>
Package pdftex.def Info: dashboard-admin/Suite_2.png  used on input line 4213.
(pdftex.def)             Requested size: 455.24411pt x 243.2674pt.


Package fancyhdr Warning: \headheight is too small (14.61858pt): 
(fancyhdr)                Make it at least 15.13202pt, for example:
(fancyhdr)                \setlength{\headheight}{15.13202pt}.
(fancyhdr)                You might also make \topmargin smaller:
(fancyhdr)                \addtolength{\topmargin}{-0.51344pt}.

[166 <./dashboard-manager/Suite_6.png>]
<dashboard-admin/Suite_3.png, id=3837, 1445.4pt x 774.64406pt>
File: dashboard-admin/Suite_3.png Graphic file (type png)
<use dashboard-admin/Suite_3.png>
Package pdftex.def Info: dashboard-admin/Suite_3.png  used on input line 4219.
(pdftex.def)             Requested size: 455.24411pt x 243.9787pt.
<dashboard-admin/Suite_4.png, id=3838, 1445.4pt x 773.89125pt>
File: dashboard-admin/Suite_4.png Graphic file (type png)
<use dashboard-admin/Suite_4.png>
Package pdftex.def Info: dashboard-admin/Suite_4.png  used on input line 4225.
(pdftex.def)             Requested size: 455.24411pt x 243.74161pt.


Package fancyhdr Warning: \headheight is too small (14.61858pt): 
(fancyhdr)                Make it at least 15.13202pt, for example:
(fancyhdr)                \setlength{\headheight}{15.13202pt}.
(fancyhdr)                You might also make \topmargin smaller:
(fancyhdr)                \addtolength{\topmargin}{-0.51344pt}.

[167 <./dashboard-admin/Suite_1.png> <./dashboard-admin/Suite_2.png>]

Package fancyhdr Warning: \headheight is too small (14.61858pt): 
(fancyhdr)                Make it at least 15.13202pt, for example:
(fancyhdr)                \setlength{\headheight}{15.13202pt}.
(fancyhdr)                You might also make \topmargin smaller:
(fancyhdr)                \addtolength{\topmargin}{-0.51344pt}.

[168 <./dashboard-admin/Suite_3.png> <./dashboard-admin/Suite_4.png>]

Package fancyhdr Warning: \headheight is too small (14.61858pt): 
(fancyhdr)                Make it at least 15.13202pt, for example:
(fancyhdr)                \setlength{\headheight}{15.13202pt}.
(fancyhdr)                You might also make \topmargin smaller:
(fancyhdr)                \addtolength{\topmargin}{-0.51344pt}.

[169]

! LaTeX Error: Can be used only in preamble.

See the LaTeX manual or LaTeX Companion for explanation.
Type  H <return>  for immediate help.
 ...                                              
                                                  
l.4250 \documentclass
                     [12pt,a4paper]{report}
Your command was ignored.
Type  I <command> <return>  to replace it with another command,
or  <return>  to continue without it.


! LaTeX Error: Can be used only in preamble.

See the LaTeX manual or LaTeX Companion for explanation.
Type  H <return>  for immediate help.
 ...                                              
                                                  
l.4253 \usepackage
                  [utf8]{inputenc}
Your command was ignored.
Type  I <command> <return>  to replace it with another command,
or  <return>  to continue without it.


! LaTeX Error: Can be used only in preamble.

See the LaTeX manual or LaTeX Companion for explanation.
Type  H <return>  for immediate help.
 ...                                              
                                                  
l.4254 \usepackage
                  [T1]{fontenc}
Your command was ignored.
Type  I <command> <return>  to replace it with another command,
or  <return>  to continue without it.


! LaTeX Error: Can be used only in preamble.

See the LaTeX manual or LaTeX Companion for explanation.
Type  H <return>  for immediate help.
 ...                                              
                                                  
l.4255 \usepackage
                  [french]{babel}
Your command was ignored.
Type  I <command> <return>  to replace it with another command,
or  <return>  to continue without it.


! LaTeX Error: Can be used only in preamble.

See the LaTeX manual or LaTeX Companion for explanation.
Type  H <return>  for immediate help.
 ...                                              
                                                  
l.4256 \usepackage
                  {graphicx}
Your command was ignored.
Type  I <command> <return>  to replace it with another command,
or  <return>  to continue without it.


! LaTeX Error: Can be used only in preamble.

See the LaTeX manual or LaTeX Companion for explanation.
Type  H <return>  for immediate help.
 ...                                              
                                                  
l.4257 \usepackage
                  {hyperref}
Your command was ignored.
Type  I <command> <return>  to replace it with another command,
or  <return>  to continue without it.


! LaTeX Error: Can be used only in preamble.

See the LaTeX manual or LaTeX Companion for explanation.
Type  H <return>  for immediate help.
 ...                                              
                                                  
l.4258 \usepackage
                  {caption}
Your command was ignored.
Type  I <command> <return>  to replace it with another command,
or  <return>  to continue without it.


! LaTeX Error: Can be used only in preamble.

See the LaTeX manual or LaTeX Companion for explanation.
Type  H <return>  for immediate help.
 ...                                              
                                                  
l.4259 \usepackage
                  {geometry}
Your command was ignored.
Type  I <command> <return>  to replace it with another command,
or  <return>  to continue without it.


! LaTeX Error: Can be used only in preamble.

See the LaTeX manual or LaTeX Companion for explanation.
Type  H <return>  for immediate help.
 ...                                              
                                                  
l.4260 \usepackage
                  {array}
Your command was ignored.
Type  I <command> <return>  to replace it with another command,
or  <return>  to continue without it.


! LaTeX Error: Can be used only in preamble.

See the LaTeX manual or LaTeX Companion for explanation.
Type  H <return>  for immediate help.
 ...                                              
                                                  
l.4261 \usepackage
                  {booktabs}
Your command was ignored.
Type  I <command> <return>  to replace it with another command,
or  <return>  to continue without it.


! LaTeX Error: Can be used only in preamble.

See the LaTeX manual or LaTeX Companion for explanation.
Type  H <return>  for immediate help.
 ...                                              
                                                  
l.4262 \usepackage
                  {longtable}
Your command was ignored.
Type  I <command> <return>  to replace it with another command,
or  <return>  to continue without it.


! LaTeX Error: Can be used only in preamble.

See the LaTeX manual or LaTeX Companion for explanation.
Type  H <return>  for immediate help.
 ...                                              
                                                  
l.4263 \usepackage
                  {float}
Your command was ignored.
Type  I <command> <return>  to replace it with another command,
or  <return>  to continue without it.


! LaTeX Error: Can be used only in preamble.

See the LaTeX manual or LaTeX Companion for explanation.
Type  H <return>  for immediate help.
 ...                                              
                                                  
l.4264 \usepackage
                  {fancyhdr}
Your command was ignored.
Type  I <command> <return>  to replace it with another command,
or  <return>  to continue without it.


! LaTeX Error: Can be used only in preamble.

See the LaTeX manual or LaTeX Companion for explanation.
Type  H <return>  for immediate help.
 ...                                              
                                                  
l.4265 \usepackage
                  {enumitem}
Your command was ignored.
Type  I <command> <return>  to replace it with another command,
or  <return>  to continue without it.


! LaTeX Error: Can be used only in preamble.

See the LaTeX manual or LaTeX Companion for explanation.
Type  H <return>  for immediate help.
 ...                                              
                                                  
l.4266 \usepackage
                  {multirow}
Your command was ignored.
Type  I <command> <return>  to replace it with another command,
or  <return>  to continue without it.


! LaTeX Error: Can be used only in preamble.

See the LaTeX manual or LaTeX Companion for explanation.
Type  H <return>  for immediate help.
 ...                                              
                                                  
l.4267 \usepackage
                  {setspace}
Your command was ignored.
Type  I <command> <return>  to replace it with another command,
or  <return>  to continue without it.


! LaTeX Error: Can be used only in preamble.

See the LaTeX manual or LaTeX Companion for explanation.
Type  H <return>  for immediate help.
 ...                                              
                                                  
l.4268 \usepackage
                  {times}
Your command was ignored.
Type  I <command> <return>  to replace it with another command,
or  <return>  to continue without it.


! LaTeX Error: Can be used only in preamble.

See the LaTeX manual or LaTeX Companion for explanation.
Type  H <return>  for immediate help.
 ...                                              
                                                  
l.4269 \usepackage
                  {parskip}
Your command was ignored.
Type  I <command> <return>  to replace it with another command,
or  <return>  to continue without it.


! LaTeX Error: Can be used only in preamble.

See the LaTeX manual or LaTeX Companion for explanation.
Type  H <return>  for immediate help.
 ...                                              
                                                  
l.4270 \usepackage
                  {tocloft}
Your command was ignored.
Type  I <command> <return>  to replace it with another command,
or  <return>  to continue without it.


! LaTeX Error: Can be used only in preamble.

See the LaTeX manual or LaTeX Companion for explanation.
Type  H <return>  for immediate help.
 ...                                              
                                                  
l.4271 \usepackage
                  {etoolbox}
Your command was ignored.
Type  I <command> <return>  to replace it with another command,
or  <return>  to continue without it.


! LaTeX Error: Can be used only in preamble.

See the LaTeX manual or LaTeX Companion for explanation.
Type  H <return>  for immediate help.
 ...                                              
                                                  
l.4272 \usepackage
                  {pdflscape}
Your command was ignored.
Type  I <command> <return>  to replace it with another command,
or  <return>  to continue without it.


! LaTeX Error: Can be used only in preamble.

See the LaTeX manual or LaTeX Companion for explanation.
Type  H <return>  for immediate help.
 ...                                              
                                                  
l.4273 \usepackage
                  {graphicx}
Your command was ignored.
Type  I <command> <return>  to replace it with another command,
or  <return>  to continue without it.


! LaTeX Error: Can be used only in preamble.

See the LaTeX manual or LaTeX Companion for explanation.
Type  H <return>  for immediate help.
 ...                                              
                                                  
l.4274 \usepackage
                  {float}
Your command was ignored.
Type  I <command> <return>  to replace it with another command,
or  <return>  to continue without it.


! LaTeX Error: Can be used only in preamble.

See the LaTeX manual or LaTeX Companion for explanation.
Type  H <return>  for immediate help.
 ...                                              
                                                  
l.4275 \usepackage
                  {tikz}
Your command was ignored.
Type  I <command> <return>  to replace it with another command,
or  <return>  to continue without it.


! LaTeX Error: Can be used only in preamble.

See the LaTeX manual or LaTeX Companion for explanation.
Type  H <return>  for immediate help.
 ...                                              
                                                  
l.4276 \usepackage
                  {pgfplots}
Your command was ignored.
Type  I <command> <return>  to replace it with another command,
or  <return>  to continue without it.


! LaTeX Error: Can be used only in preamble.

See the LaTeX manual or LaTeX Companion for explanation.
Type  H <return>  for immediate help.
 ...                                              
                                                  
l.4277 \usepackage
                  {tikz}
Your command was ignored.
Type  I <command> <return>  to replace it with another command,
or  <return>  to continue without it.


! LaTeX Error: Can be used only in preamble.

See the LaTeX manual or LaTeX Companion for explanation.
Type  H <return>  for immediate help.
 ...                                              
                                                  
l.4278 \usepackage
                  {caption}
Your command was ignored.
Type  I <command> <return>  to replace it with another command,
or  <return>  to continue without it.


! LaTeX Error: Can be used only in preamble.

See the LaTeX manual or LaTeX Companion for explanation.
Type  H <return>  for immediate help.
 ...                                              
                                                  
l.4284 \geometry
                {margin=2.5cm}
Your command was ignored.
Type  I <command> <return>  to replace it with another command,
or  <return>  to continue without it.


! LaTeX Error: Command \remerciement already defined.
               Or name \end... illegal, see p.192 of the manual.

See the LaTeX manual or LaTeX Companion for explanation.
Type  H <return>  for immediate help.
 ...                                              
                                                  
l.4341 }
        
Your command was ignored.
Type  I <command> <return>  to replace it with another command,
or  <return>  to continue without it.


! LaTeX Error: Can be used only in preamble.

See the LaTeX manual or LaTeX Companion for explanation.
Type  H <return>  for immediate help.
 ...                                              
                                                  
l.4342 \begin{document}
                       
Your command was ignored.
Type  I <command> <return>  to replace it with another command,
or  <return>  to continue without it.

[170

]

Package fancyhdr Warning: \headheight is too small (14.61858pt): 
(fancyhdr)                Make it at least 15.13202pt, for example:
(fancyhdr)                \setlength{\headheight}{15.13202pt}.
(fancyhdr)                You might also make \topmargin smaller:
(fancyhdr)                \addtolength{\topmargin}{-0.51344pt}.

[171]
File: basmala.png Graphic file (type png)
<use basmala.png>
Package pdftex.def Info: basmala.png  used on input line 4349.
(pdftex.def)             Requested size: 386.95795pt x 210.84015pt.
 [172]

! LaTeX Error: Unicode character ‚ù§ (U+2764)
               not set up for use with LaTeX.

See the LaTeX manual or LaTeX Companion for explanation.
Type  H <return>  for immediate help.
 ...                                              
                                                  
l.4404 ...ur et ma reconnaissance √©ternelle.} ‚ù§
                                                  Ô∏è
You may provide a definition with
\DeclareUnicodeCharacter 


! LaTeX Error: Unicode character Ô∏è (U+FE0F)
               not set up for use with LaTeX.

See the LaTeX manual or LaTeX Companion for explanation.
Type  H <return>  for immediate help.
 ...                                              
                                                  
l.4404 ...et ma reconnaissance √©ternelle.} ‚ù§Ô∏è
                                                  
You may provide a definition with
\DeclareUnicodeCharacter 


pdfTeX warning (ext4): destination with the same identifier (name{page.I}) has 
been already used, duplicate ignored
<to be read again> 
                   \relax 
l.4408 \clearpage
                  [1

] (main.toc)
\tf@toc=\write8
\openout8 = `main.toc'.


pdfTeX warning (ext4): destination with the same identifier (name{page.II}) has
 been already used, duplicate ignored
<to be read again> 
                   \relax 
l.4411 \clearpage
                  [2

] (main.lof)
\tf@lof=\write9
\openout9 = `main.lof'.


pdfTeX warning (ext4): destination with the same identifier (name{page.III}) ha
s been already used, duplicate ignored
<to be read again> 
                   \relax 
l.4413 \clearpage
                  [3

] (main.lot)
\tf@lot=\write10
\openout10 = `main.lot'.


pdfTeX warning (ext4): destination with the same identifier (name{page.IV}) has
 been already used, duplicate ignored
<to be read again> 
                   \relax 
l.4415 \clearpage
                  [4

]
pdfTeX warning (ext4): destination with the same identifier (name{page.V}) has 
been already used, duplicate ignored
<to be read again> 
                   \relax 
l.4458 \clearpage
                  [5


]
pdfTeX warning (ext4): destination with the same identifier (name{page.VI}) has
 been already used, duplicate ignored
<to be read again> 
                   \relax 
l.4458 \clearpage
                  [6]
pdfTeX warning (ext4): destination with the same identifier (name{page.1}) has 
been already used, duplicate ignored
<to be read again> 
                   \relax 
l.4484 \chapter
               {Cadre g√©n√©ral du projet} [1


]
Chapitre 8.

pdfTeX warning (ext4): destination with the same identifier (name{page.2}) has 
been already used, duplicate ignored
<to be read again> 
                   \relax 
l.4484 \chapter{Cadre g√©n√©ral du projet}
                                           [2

]

Package fancyhdr Warning: \headheight is too small (14.61858pt): 
(fancyhdr)                Make it at least 15.13202pt, for example:
(fancyhdr)                \setlength{\headheight}{15.13202pt}.
(fancyhdr)                You might also make \topmargin smaller:
(fancyhdr)                \addtolength{\topmargin}{-0.51344pt}.


pdfTeX warning (ext4): destination with the same identifier (name{page.3}) has 
been already used, duplicate ignored
<to be read again> 
                   \relax 
l.4516 
        [3

]
File: coral-io logo.jpg Graphic file (type jpg)
<use coral-io logo.jpg>
Package pdftex.def Info: coral-io logo.jpg  used on input line 4523.
(pdftex.def)             Requested size: 136.57462pt x 136.58476pt.
File: sap.png Graphic file (type png)
<use sap.png>
Package pdftex.def Info: sap.png  used on input line 4542.
(pdftex.def)             Requested size: 455.25653pt x 281.11429pt.


Package fancyhdr Warning: \headheight is too small (14.61858pt): 
(fancyhdr)                Make it at least 15.13202pt, for example:
(fancyhdr)                \setlength{\headheight}{15.13202pt}.
(fancyhdr)                You might also make \topmargin smaller:
(fancyhdr)                \addtolength{\topmargin}{-0.51344pt}.


pdfTeX warning (ext4): destination with the same identifier (name{page.4}) has 
been already used, duplicate ignored
<to be read again> 
                   \relax 
l.4546     \item \textbf
                        {Expensya} : Solution fran√ßaise de gestion des note...
[4]
File: expensya1.png Graphic file (type png)
<use expensya1.png>
Package pdftex.def Info: expensya1.png  used on input line 4550.
(pdftex.def)             Requested size: 455.24411pt x 256.07178pt.


Package fancyhdr Warning: \headheight is too small (14.61858pt): 
(fancyhdr)                Make it at least 15.13202pt, for example:
(fancyhdr)                \setlength{\headheight}{15.13202pt}.
(fancyhdr)                You might also make \topmargin smaller:
(fancyhdr)                \addtolength{\topmargin}{-0.51344pt}.


pdfTeX warning (ext4): destination with the same identifier (name{page.5}) has 
been already used, duplicate ignored
<to be read again> 
                   \relax 
l.4554     \newpage
                    [5]
File: rydoo.png Graphic file (type png)
<use rydoo.png>
Package pdftex.def Info: rydoo.png  used on input line 4560.
(pdftex.def)             Requested size: 227.62206pt x 125.18585pt.
LaTeX Info: Symbol \textrightarrow not provided by
            font family ptm in TS1 encoding.
            Default family used instead on input line 4583.
LaTeX Info: Symbol \textrightarrow not provided by
            font family ptm in TS1 encoding.
            Default family used instead on input line 4583.


Package fancyhdr Warning: \headheight is too small (14.61858pt): 
(fancyhdr)                Make it at least 15.13202pt, for example:
(fancyhdr)                \setlength{\headheight}{15.13202pt}.
(fancyhdr)                You might also make \topmargin smaller:
(fancyhdr)                \addtolength{\topmargin}{-0.51344pt}.


pdfTeX warning (ext4): destination with the same identifier (name{page.6}) has 
been already used, duplicate ignored
<to be read again> 
                   \relax 
l.4586 
        [6]
Overfull \hbox (15.14473pt too wide) in alignment at lines 4599--4606
 [] [] [] [] 
 []


Overfull \hbox (15.14473pt too wide) in alignment at lines 4606--4612
 [] [] [] [] 
 []


Overfull \hbox (15.14473pt too wide) in alignment at lines 4612--4617
 [] [] [] [] 
 []


Overfull \hbox (15.14473pt too wide) in alignment at lines 4617--4620
 [] [] [] [] 
 []


Underfull \hbox (badness 10000) in paragraph at lines 4622--4622
[]|\T1/ptm/m/n/12 Suite in-tÈ-grÈe
 []


Underfull \hbox (badness 4454) in paragraph at lines 4622--4622
\T1/ptm/m/n/12 orien-tÈe grandes
 []


Underfull \hbox (badness 10000) in paragraph at lines 4622--4622
\T1/ptm/m/n/12 en-tre-prises,
 []


Underfull \hbox (badness 10000) in paragraph at lines 4622--4622
[]|\T1/ptm/m/n/12 SaaS tout[]en[]un
 []


Underfull \hbox (badness 3735) in paragraph at lines 4622--4623
[]|\T1/ptm/m/n/12 SaaS dÈ-diÈ aux
 []


Underfull \hbox (badness 10000) in paragraph at lines 4624--4624
[]|\T1/ptm/m/n/12 Non, so-lu-tion
 []


Underfull \hbox (badness 10000) in paragraph at lines 4624--4624
[]|\T1/ptm/m/n/12 Non, so-lu-tion
 []


Underfull \hbox (badness 10000) in paragraph at lines 4624--4625
[]|\T1/ptm/m/n/12 Non, so-lu-tion
 []


Underfull \hbox (badness 10000) in paragraph at lines 4626--4626
[]|\T1/ptm/m/n/12 Oui, per-for-
 []


Underfull \hbox (badness 10000) in paragraph at lines 4626--4626
\T1/ptm/m/n/12 mant, lec-ture
 []


Underfull \hbox (badness 5954) in paragraph at lines 4626--4626
\T1/ptm/m/n/12 au-to-ma-tique des
 []


Underfull \hbox (badness 2197) in paragraph at lines 4626--4626
[]|\T1/ptm/m/n/12 Oui, per-for-mant,
 []


Underfull \hbox (badness 10000) in paragraph at lines 4626--4627
[]|\T1/ptm/m/n/12 Oui, re-con-
 []


Underfull \hbox (badness 10000) in paragraph at lines 4626--4627
\T1/ptm/m/n/12 nais-sance au-
 []


Underfull \hbox (badness 10000) in paragraph at lines 4626--4627
\T1/ptm/m/n/12 to-ma-tique des
 []


Underfull \hbox (badness 1596) in paragraph at lines 4628--4628
\T1/ptm/m/n/12 com-plexe et ab-
 []


Underfull \hbox (badness 10000) in paragraph at lines 4628--4628
[]|\T1/ptm/m/n/12 Partielle, peut
 []


Underfull \hbox (badness 10000) in paragraph at lines 4628--4629
[]|\T1/ptm/m/n/12 Faible, so-lu-tion
 []


Underfull \hbox (badness 10000) in paragraph at lines 4628--4629
\T1/ptm/m/n/12 prin-ci-pa-le-ment
 []


Underfull \hbox (badness 10000) in paragraph at lines 4628--4629
\T1/ptm/m/n/12 eu-ro-pÈenne, ab-
 []


Underfull \hbox (badness 10000) in paragraph at lines 4630--4630
[]|\T1/ptm/m/n/12 Grandes en-
 []


Underfull \hbox (badness 10000) in paragraph at lines 4630--4630
\T1/ptm/m/n/12 tre-prises et
 []


Underfull \hbox (badness 10000) in paragraph at lines 4632--4632
[]|\T1/ptm/m/n/12 Complexe (pa-
 []


Underfull \hbox (badness 10000) in paragraph at lines 4632--4632
\T1/ptm/m/n/12 ra-mÈ-trage long,
 []


Underfull \hbox (badness 10000) in paragraph at lines 4632--4632
\T1/ptm/m/n/12 Èquipe pro-jet
 []


Underfull \hbox (badness 7796) in paragraph at lines 4632--4632
[]|\T1/ptm/m/n/12 Simple (ins-crip-
 []


Underfull \hbox (badness 10000) in paragraph at lines 4632--4632
\T1/ptm/m/n/12 tion en ligne,
 []


Underfull \hbox (badness 10000) in paragraph at lines 4632--4632
\T1/ptm/m/n/12 confi-gu-ra-tion
 []


Underfull \hbox (badness 1953) in paragraph at lines 4632--4633
\T1/ptm/m/n/12 ter-face mo-derne,
 []


Underfull \hbox (badness 10000) in paragraph at lines 4632--4633
\T1/ptm/m/n/12 on-boar-ding
 []


Underfull \hbox (badness 10000) in paragraph at lines 4634--4634
[]|\T1/ptm/m/n/12 Oui (work-
 []


Underfull \hbox (badness 10000) in paragraph at lines 4634--4634
\T1/ptm/m/n/12 flows confi-gu-
 []


Underfull \hbox (badness 10000) in paragraph at lines 4634--4634
[]|\T1/ptm/m/n/12 Oui (work-flows
 []


Underfull \hbox (badness 10000) in paragraph at lines 4634--4634
\T1/ptm/m/n/12 stan-dards, peu
 []


Underfull \hbox (badness 10000) in paragraph at lines 4634--4635
[]|\T1/ptm/m/n/12 Oui (work-flows
 []


Underfull \hbox (badness 10000) in paragraph at lines 4634--4635
\T1/ptm/m/n/12 flexibles, in-
 []


Underfull \hbox (badness 10000) in paragraph at lines 4634--4635
\T1/ptm/m/n/12 tÈ-gra-tion avec
 []


Underfull \hbox (badness 2165) in paragraph at lines 4636--4636
[]|\T1/ptm/m/n/12 Oui (rËgles mÈ-
 []


Underfull \hbox (badness 10000) in paragraph at lines 4636--4636
\T1/ptm/m/n/12 tier avan-cÈes,
 []


Underfull \hbox (badness 10000) in paragraph at lines 4636--4636
[]|\T1/ptm/m/n/12 Partielle (rËgles
 []


Underfull \hbox (badness 2460) in paragraph at lines 4636--4636
\T1/ptm/m/n/12 de base sur les
 []


Underfull \hbox (badness 3179) in paragraph at lines 4636--4637
[]|\T1/ptm/m/n/12 Oui (vÈ-ri-fi-ca-tion
 []


Underfull \hbox (badness 10000) in paragraph at lines 4636--4637
\T1/ptm/m/n/12 des jus-ti-fi-ca-
 []


Underfull \hbox (badness 10000) in paragraph at lines 4636--4637
\T1/ptm/m/n/12 tifs, alerte sur
 []


Underfull \hbox (badness 10000) in paragraph at lines 4638--4638
[]|\T1/ptm/m/n/12 Oui (au-to-ma-
 []


Underfull \hbox (badness 10000) in paragraph at lines 4638--4638
\T1/ptm/m/n/12 tique, taux en
 []


Underfull \hbox (badness 10000) in paragraph at lines 4638--4638
[]|\T1/ptm/m/n/12 Oui (au-to-ma-
 []


Underfull \hbox (badness 10000) in paragraph at lines 4638--4639
[]|\T1/ptm/m/n/12 Oui (sup-porte
 []


Underfull \hbox (badness 10000) in paragraph at lines 4638--4639
\T1/ptm/m/n/12 plu-sieurs de-
 []


Underfull \hbox (badness 2197) in paragraph at lines 4640--4640
\T1/ptm/m/n/12 pro-ces-sus comp-
 []


Underfull \hbox (badness 1762) in paragraph at lines 4640--4640
\T1/ptm/m/n/12 tion d'ordres de
 []


Underfull \hbox (badness 10000) in paragraph at lines 4642--4642
[]|\T1/ptm/m/n/12 Oui (avan-cÈs,
 []


Underfull \hbox (badness 10000) in paragraph at lines 4642--4642
[]|\T1/ptm/m/n/12 Oui (stan-dards,
 []


Underfull \hbox (badness 10000) in paragraph at lines 4644--4644
[]|\T1/ptm/m/n/12 Oui
 []


Underfull \hbox (badness 10000) in paragraph at lines 4644--4644
\T1/ptm/m/n/12 (multi[]formats,
 []


Underfull \hbox (badness 10000) in paragraph at lines 4644--4644
[]|\T1/ptm/m/n/12 Oui
 []


Underfull \hbox (badness 10000) in paragraph at lines 4644--4645
[]|\T1/ptm/m/n/12 Oui (in-tÈ-gra-tion
 []


Underfull \hbox (badness 1009) in paragraph at lines 4644--4645
\T1/ptm/m/n/12 avec Sage, SAP,
 []


Underfull \hbox (badness 10000) in paragraph at lines 4646--4646
[]|\T1/ptm/m/n/12 …levÈ (li-cences
 []


Underfull \hbox (badness 10000) in paragraph at lines 4646--4646
\T1/ptm/m/n/12 par uti-li-sa-teur,
 []


Underfull \hbox (badness 10000) in paragraph at lines 4646--4646
[]|\T1/ptm/m/n/12 ModÈrÈ (abon-
 []


Underfull \hbox (badness 1122) in paragraph at lines 4646--4646
\T1/ptm/m/n/12 ne-ment men-suel,
 []


Underfull \hbox (badness 3417) in paragraph at lines 4646--4647
[]|\T1/ptm/m/n/12 ModÈrÈ ‡ ÈlevÈ
 []


Underfull \hbox (badness 10000) in paragraph at lines 4646--4647
\T1/ptm/m/n/12 (se-lon les op-
 []


Underfull \hbox (badness 10000) in paragraph at lines 4648--4648
[]|\T1/ptm/m/n/12 Variable (se-lon
 []


Underfull \hbox (badness 2181) in paragraph at lines 4648--4649
[]|\T1/ptm/m/n/12 Court (au-to-ma-ti-
 []


Overfull \hbox (15.14473pt too wide) in alignment at lines 4620--4650
 [] [] [] [] 
 []

ignored error: Infinite glue shrinkage found in box being split

Package fancyhdr Warning: \headheight is too small (14.61858pt): 
(fancyhdr)                Make it at least 15.13202pt, for example:
(fancyhdr)                \setlength{\headheight}{15.13202pt}.
(fancyhdr)                You might also make \topmargin smaller:
(fancyhdr)                \addtolength{\topmargin}{-0.51344pt}.


pdfTeX warning (ext4): destination with the same identifier (name{page.7}) has 
been already used, duplicate ignored
<to be read again> 
                   \relax 
l.4650 \end{longtable}
                       [7]

Package fancyhdr Warning: \headheight is too small (14.61858pt): 
(fancyhdr)                Make it at least 15.13202pt, for example:
(fancyhdr)                \setlength{\headheight}{15.13202pt}.
(fancyhdr)                You might also make \topmargin smaller:
(fancyhdr)                \addtolength{\topmargin}{-0.51344pt}.


pdfTeX warning (ext4): destination with the same identifier (name{page.8}) has 
been already used, duplicate ignored
<to be read again> 
                   \relax 
l.4657 
        [8]
LaTeX Info: Symbol \textrightarrow not provided by
            font family ptm in TS1 encoding.
            Default family used instead on input line 4676.
LaTeX Info: Symbol \textrightarrow not provided by
            font family ptm in TS1 encoding.
            Default family used instead on input line 4676.


Package fancyhdr Warning: \headheight is too small (14.61858pt): 
(fancyhdr)                Make it at least 15.13202pt, for example:
(fancyhdr)                \setlength{\headheight}{15.13202pt}.
(fancyhdr)                You might also make \topmargin smaller:
(fancyhdr)                \addtolength{\topmargin}{-0.51344pt}.


pdfTeX warning (ext4): destination with the same identifier (name{page.9}) has 
been already used, duplicate ignored
<to be read again> 
                   \relax 
l.4684 
        [9]

Package fancyhdr Warning: \headheight is too small (14.61858pt): 
(fancyhdr)                Make it at least 15.13202pt, for example:
(fancyhdr)                \setlength{\headheight}{15.13202pt}.
(fancyhdr)                You might also make \topmargin smaller:
(fancyhdr)                \addtolength{\topmargin}{-0.51344pt}.


pdfTeX warning (ext4): destination with the same identifier (name{page.10}) has
 been already used, duplicate ignored
<to be read again> 
                   \relax 
l.4714 
        [10]
File: scrum.png Graphic file (type png)
<use scrum.png>
Package pdftex.def Info: scrum.png  used on input line 4725.
(pdftex.def)             Requested size: 364.19667pt x 171.25627pt.
File: uml.png Graphic file (type png)
<use uml.png>
Package pdftex.def Info: uml.png  used on input line 4734.
(pdftex.def)             Requested size: 91.04742pt x 91.04922pt.


Package fancyhdr Warning: \headheight is too small (14.61858pt): 
(fancyhdr)                Make it at least 15.13202pt, for example:
(fancyhdr)                \setlength{\headheight}{15.13202pt}.
(fancyhdr)                You might also make \topmargin smaller:
(fancyhdr)                \addtolength{\topmargin}{-0.51344pt}.


pdfTeX warning (ext4): destination with the same identifier (name{page.11}) has
 been already used, duplicate ignored
<to be read again> 
                   \relax 
l.4738 \section
               {Choix technologiques adopt√©s} [11]
File: vs.jpg Graphic file (type jpg)
<use vs.jpg>
Package pdftex.def Info: vs.jpg  used on input line 4773.
(pdftex.def)             Requested size: 45.52718pt x 45.52634pt.
File: intellij.png Graphic file (type png)
<use intellij.png>
Package pdftex.def Info: intellij.png  used on input line 4782.
(pdftex.def)             Requested size: 45.52718pt x 45.52151pt.


Package fancyhdr Warning: \headheight is too small (14.61858pt): 
(fancyhdr)                Make it at least 15.13202pt, for example:
(fancyhdr)                \setlength{\headheight}{15.13202pt}.
(fancyhdr)                You might also make \topmargin smaller:
(fancyhdr)                \addtolength{\topmargin}{-0.51344pt}.


pdfTeX warning (ext4): destination with the same identifier (name{page.12}) has
 been already used, duplicate ignored
<to be read again> 
                   \relax 
l.4786 
        [12]
File: pycharm.png Graphic file (type png)
<use pycharm.png>
Package pdftex.def Info: pycharm.png  used on input line 4791.
(pdftex.def)             Requested size: 45.52718pt x 45.52151pt.
File: git.png Graphic file (type png)
<use git.png>
Package pdftex.def Info: git.png  used on input line 4804.
(pdftex.def)             Requested size: 54.62706pt x 54.62747pt.
File: github.png Graphic file (type png)
<use github.png>
Package pdftex.def Info: github.png  used on input line 4813.
(pdftex.def)             Requested size: 45.52718pt x 45.52634pt.
File: draw.io.png Graphic file (type png)
<use draw.io.png>
Package pdftex.def Info: draw.io.png  used on input line 4826.
(pdftex.def)             Requested size: 45.52718pt x 45.52634pt.


Package fancyhdr Warning: \headheight is too small (14.61858pt): 
(fancyhdr)                Make it at least 15.13202pt, for example:
(fancyhdr)                \setlength{\headheight}{15.13202pt}.
(fancyhdr)                You might also make \topmargin smaller:
(fancyhdr)                \addtolength{\topmargin}{-0.51344pt}.


pdfTeX warning (ext4): destination with the same identifier (name{page.13}) has
 been already used, duplicate ignored
<to be read again> 
                   \relax 
l.4830 
        [13]
File: figma2.png Graphic file (type png)
<use figma2.png>
Package pdftex.def Info: figma2.png  used on input line 4835.
(pdftex.def)             Requested size: 40.97029pt x 61.56522pt.
File: angular.png Graphic file (type png)
<use angular.png>
Package pdftex.def Info: angular.png  used on input line 4848.
(pdftex.def)             Requested size: 68.28383pt x 56.39645pt.
File: ts.png Graphic file (type png)
<use ts.png>
Package pdftex.def Info: ts.png  used on input line 4857.
(pdftex.def)             Requested size: 45.52718pt x 45.52634pt.
File: html.png Graphic file (type png)
<use html.png>
Package pdftex.def Info: html.png  used on input line 4866.
(pdftex.def)             Requested size: 45.52718pt x 45.52672pt.


Package fancyhdr Warning: \headheight is too small (14.61858pt): 
(fancyhdr)                Make it at least 15.13202pt, for example:
(fancyhdr)                \setlength{\headheight}{15.13202pt}.
(fancyhdr)                You might also make \topmargin smaller:
(fancyhdr)                \addtolength{\topmargin}{-0.51344pt}.


pdfTeX warning (ext4): destination with the same identifier (name{page.14}) has
 been already used, duplicate ignored
<to be read again> 
                   \relax 
l.4872 
        [14]
File: scss.png Graphic file (type png)
<use scss.png>
Package pdftex.def Info: scss.png  used on input line 4875.
(pdftex.def)             Requested size: 45.52718pt x 34.12927pt.
File: bootstrap.jpg Graphic file (type jpg)
<use bootstrap.jpg>
Package pdftex.def Info: bootstrap.jpg  used on input line 4884.
(pdftex.def)             Requested size: 45.52718pt x 36.13037pt.
File: sb.png Graphic file (type png)
<use sb.png>
Package pdftex.def Info: sb.png  used on input line 4897.
(pdftex.def)             Requested size: 54.62706pt x 54.38467pt.
File: java.png Graphic file (type png)
<use java.png>
Package pdftex.def Info: java.png  used on input line 4906.
(pdftex.def)             Requested size: 45.52718pt x 84.7528pt.
File: python.jpg Graphic file (type jpg)
<use python.jpg>
Package pdftex.def Info: python.jpg  used on input line 4915.
(pdftex.def)             Requested size: 45.52718pt x 45.52634pt.


Package fancyhdr Warning: \headheight is too small (14.61858pt): 
(fancyhdr)                Make it at least 15.13202pt, for example:
(fancyhdr)                \setlength{\headheight}{15.13202pt}.
(fancyhdr)                You might also make \topmargin smaller:
(fancyhdr)                \addtolength{\topmargin}{-0.51344pt}.


pdfTeX warning (ext4): destination with the same identifier (name{page.15}) has
 been already used, duplicate ignored
<to be read again> 
                   \relax 
l.4919 
        [15]
File: fapi.png Graphic file (type png)
<use fapi.png>
Package pdftex.def Info: fapi.png  used on input line 4924.
(pdftex.def)             Requested size: 45.52718pt x 45.52634pt.
File: pgsql.png Graphic file (type png)
<use pgsql.png>
Package pdftex.def Info: pgsql.png  used on input line 4937.
(pdftex.def)             Requested size: 54.62706pt x 56.35455pt.
File: keycloak.jpg Graphic file (type jpg)
<use keycloak.jpg>
Package pdftex.def Info: keycloak.jpg  used on input line 4950.
(pdftex.def)             Requested size: 68.28383pt x 68.28433pt.
File: docker1.png Graphic file (type png)
<use docker1.png>
Package pdftex.def Info: docker1.png  used on input line 4963.
(pdftex.def)             Requested size: 113.81102pt x 25.85548pt.


Package fancyhdr Warning: \headheight is too small (14.61858pt): 
(fancyhdr)                Make it at least 15.13202pt, for example:
(fancyhdr)                \setlength{\headheight}{15.13202pt}.
(fancyhdr)                You might also make \topmargin smaller:
(fancyhdr)                \addtolength{\topmargin}{-0.51344pt}.


pdfTeX warning (ext4): destination with the same identifier (name{page.16}) has
 been already used, duplicate ignored
<to be read again> 
                   \relax 
l.4966     \end{figure}
                        [16]
File: postman.png Graphic file (type png)
<use postman.png>
Package pdftex.def Info: postman.png  used on input line 4976.
(pdftex.def)             Requested size: 45.52718pt x 45.52151pt.


Package fancyhdr Warning: \headheight is too small (14.61858pt): 
(fancyhdr)                Make it at least 15.13202pt, for example:
(fancyhdr)                \setlength{\headheight}{15.13202pt}.
(fancyhdr)                You might also make \topmargin smaller:
(fancyhdr)                \addtolength{\topmargin}{-0.51344pt}.


pdfTeX warning (ext4): destination with the same identifier (name{page.17}) has
 been already used, duplicate ignored
<to be read again> 
                   \relax 
l.4982 \newpage
                [17]

Package fancyhdr Warning: \headheight is too small (14.61858pt): 
(fancyhdr)                Make it at least 15.13202pt, for example:
(fancyhdr)                \setlength{\headheight}{15.13202pt}.
(fancyhdr)                You might also make \topmargin smaller:
(fancyhdr)                \addtolength{\topmargin}{-0.51344pt}.


pdfTeX warning (ext4): destination with the same identifier (name{page.18}) has
 been already used, duplicate ignored
<to be read again> 
                   \relax 
l.4986 \chapter
               {√âtat de l'art} [18]
Chapitre 9.

pdfTeX warning (ext4): destination with the same identifier (name{page.19}) has
 been already used, duplicate ignored
<to be read again> 
                   \relax 
l.4986 \chapter{√âtat de l'art}
                                [19

]

Package fancyhdr Warning: \headheight is too small (14.61858pt): 
(fancyhdr)                Make it at least 15.13202pt, for example:
(fancyhdr)                \setlength{\headheight}{15.13202pt}.
(fancyhdr)                You might also make \topmargin smaller:
(fancyhdr)                \addtolength{\topmargin}{-0.51344pt}.


pdfTeX warning (ext4): destination with the same identifier (name{page.20}) has
 been already used, duplicate ignored
<to be read again> 
                   \relax 
l.5012 
        [20

]

Package fancyhdr Warning: \headheight is too small (14.61858pt): 
(fancyhdr)                Make it at least 15.13202pt, for example:
(fancyhdr)                \setlength{\headheight}{15.13202pt}.
(fancyhdr)                You might also make \topmargin smaller:
(fancyhdr)                \addtolength{\topmargin}{-0.51344pt}.


pdfTeX warning (ext4): destination with the same identifier (name{page.21}) has
 been already used, duplicate ignored
<to be read again> 
                   \relax 
l.5041 
        [21]

Package fancyhdr Warning: \headheight is too small (14.61858pt): 
(fancyhdr)                Make it at least 15.13202pt, for example:
(fancyhdr)                \setlength{\headheight}{15.13202pt}.
(fancyhdr)                You might also make \topmargin smaller:
(fancyhdr)                \addtolength{\topmargin}{-0.51344pt}.


pdfTeX warning (ext4): destination with the same identifier (name{page.22}) has
 been already used, duplicate ignored
<to be read again> 
                   \relax 
l.5064 
        [22]

Package fancyhdr Warning: \headheight is too small (14.61858pt): 
(fancyhdr)                Make it at least 15.13202pt, for example:
(fancyhdr)                \setlength{\headheight}{15.13202pt}.
(fancyhdr)                You might also make \topmargin smaller:
(fancyhdr)                \addtolength{\topmargin}{-0.51344pt}.


pdfTeX warning (ext4): destination with the same identifier (name{page.23}) has
 been already used, duplicate ignored
<to be read again> 
                   \relax 
l.5091 
        [23]

! LaTeX Error: \begin{enumerate} on input line 5111 ended by \end{itemize}.

See the LaTeX manual or LaTeX Companion for explanation.
Type  H <return>  for immediate help.
 ...                                              
                                                  
l.5117 \end{itemize}
                    
Your command was ignored.
Type  I <command> <return>  to replace it with another command,
or  <return>  to continue without it.


Package fancyhdr Warning: \headheight is too small (14.61858pt): 
(fancyhdr)                Make it at least 15.13202pt, for example:
(fancyhdr)                \setlength{\headheight}{15.13202pt}.
(fancyhdr)                You might also make \topmargin smaller:
(fancyhdr)                \addtolength{\topmargin}{-0.51344pt}.


pdfTeX warning (ext4): destination with the same identifier (name{page.24}) has
 been already used, duplicate ignored
<to be read again> 
                   \relax 
l.5123     \item \textbf
                        {Compr√©hension des donn√©es} : collecte, exploratio...
[24]

! LaTeX Error: \begin{enumerate} on input line 5121 ended by \end{itemize}.

See the LaTeX manual or LaTeX Companion for explanation.
Type  H <return>  for immediate help.
 ...                                              
                                                  
l.5128 \end{itemize}
                    
Your command was ignored.
Type  I <command> <return>  to replace it with another command,
or  <return>  to continue without it.


Package fancyhdr Warning: \headheight is too small (14.61858pt): 
(fancyhdr)                Make it at least 15.13202pt, for example:
(fancyhdr)                \setlength{\headheight}{15.13202pt}.
(fancyhdr)                You might also make \topmargin smaller:
(fancyhdr)                \addtolength{\topmargin}{-0.51344pt}.


pdfTeX warning (ext4): destination with the same identifier (name{page.25}) has
 been already used, duplicate ignored
<to be read again> 
                   \relax 
l.5151     \item A
                  nalyse des donn√©es [25]

Package fancyhdr Warning: \headheight is too small (14.61858pt): 
(fancyhdr)                Make it at least 15.13202pt, for example:
(fancyhdr)                \setlength{\headheight}{15.13202pt}.
(fancyhdr)                You might also make \topmargin smaller:
(fancyhdr)                \addtolength{\topmargin}{-0.51344pt}.


pdfTeX warning (ext4): destination with the same identifier (name{page.26}) has
 been already used, duplicate ignored
<to be read again> 
                   \relax 
l.5173 \chapter
               {Analyse et sp√©cification des besoins} [26]
Chapitre 10.

pdfTeX warning (ext4): destination with the same identifier (name{page.27}) has
 been already used, duplicate ignored
<to be read again> 
                   \relax 
l.5173 ...r{Analyse et sp√©cification des besoins}
                                                   [27

]
LaTeX Info: Symbol \textrightarrow not provided by
            font family ptm in TS1 encoding.
            Default family used instead on input line 5201.
LaTeX Info: Symbol \textrightarrow not provided by
            font family ptm in TS1 encoding.
            Default family used instead on input line 5201.


Package fancyhdr Warning: \headheight is too small (14.61858pt): 
(fancyhdr)                Make it at least 15.13202pt, for example:
(fancyhdr)                \setlength{\headheight}{15.13202pt}.
(fancyhdr)                You might also make \topmargin smaller:
(fancyhdr)                \addtolength{\topmargin}{-0.51344pt}.


pdfTeX warning (ext4): destination with the same identifier (name{page.28}) has
 been already used, duplicate ignored
<to be read again> 
                   \relax 
l.5258 \newpage
                [28

]

Package fancyhdr Warning: \headheight is too small (14.61858pt): 
(fancyhdr)                Make it at least 15.13202pt, for example:
(fancyhdr)                \setlength{\headheight}{15.13202pt}.
(fancyhdr)                You might also make \topmargin smaller:
(fancyhdr)                \addtolength{\topmargin}{-0.51344pt}.


pdfTeX warning (ext4): destination with the same identifier (name{page.29}) has
 been already used, duplicate ignored
<to be read again> 
                   \relax 
l.5258 \newpage
                [29]
Overfull \hbox (28.54716pt too wide) in alignment at lines 5261--5265
 [] [] [] [] [] 
 []


Overfull \hbox (28.54716pt too wide) in alignment at lines 5265--5270
 [] [] [] [] [] 
 []


Overfull \hbox (28.54716pt too wide) in alignment at lines 5270--5275
 [] [] [] [] [] 
 []


Overfull \hbox (28.54716pt too wide) in alignment at lines 5275--5278
 [] [] [] [] [] 
 []


Underfull \hbox (badness 2401) in paragraph at lines 5280--5280
[]|\T1/ptm/m/n/12 En tant qu'ad-mi-nis-tra-teur, je veux crÈer un
 []


Underfull \hbox (badness 1590) in paragraph at lines 5288--5288
[]|\T1/ptm/m/n/12 En tant qu'ad-mi-nis-tra-teur, je veux fil-trer les
 []


Overfull \hbox (22.7623pt too wide) in paragraph at lines 5301--5301
[]$| 
 []


Overfull \hbox (22.7623pt too wide) in paragraph at lines 5314--5314
[]|[]| 
 []


Overfull \hbox (22.7623pt too wide) in paragraph at lines 5346--5346
[]$| 
 []


Overfull \hbox (14.22638pt too wide) in paragraph at lines 5381--5381
[]$| 
 []


Underfull \hbox (badness 2460) in paragraph at lines 5385--5385
[]|\T1/ptm/m/n/12 En tant qu'ad-mi-nis-tra-teur, je veux consul-ter
 []


Underfull \hbox (badness 2460) in paragraph at lines 5391--5391
[]|\T1/ptm/m/n/12 En tant qu'ad-mi-nis-tra-teur, je veux consul-ter
 []


Underfull \hbox (badness 1389) in paragraph at lines 5399--5399
[]|\T1/ptm/m/n/12 En tant qu'ad-mi-nis-tra-teur, je veux vi-sua-li-ser,
 []


Overfull \hbox (5.08574pt too wide) in paragraph at lines 5410--5410
[]|\T1/ptm/m/n/12 DÈploiement| 
 []


Overfull \hbox (28.54716pt too wide) in alignment at lines 5278--5434
 [] [] [] [] [] 
 []

ignored error: Infinite glue shrinkage found in box being split

Package fancyhdr Warning: \headheight is too small (14.61858pt): 
(fancyhdr)                Make it at least 15.13202pt, for example:
(fancyhdr)                \setlength{\headheight}{15.13202pt}.
(fancyhdr)                You might also make \topmargin smaller:
(fancyhdr)                \addtolength{\topmargin}{-0.51344pt}.


pdfTeX warning (ext4): destination with the same identifier (name{page.30}) has
 been already used, duplicate ignored
<to be read again> 
                   \relax 
l.5434 \end{longtable}
                       [30]
ignored error: Infinite glue shrinkage found in box being split

Package fancyhdr Warning: \headheight is too small (14.61858pt): 
(fancyhdr)                Make it at least 15.13202pt, for example:
(fancyhdr)                \setlength{\headheight}{15.13202pt}.
(fancyhdr)                You might also make \topmargin smaller:
(fancyhdr)                \addtolength{\topmargin}{-0.51344pt}.


pdfTeX warning (ext4): destination with the same identifier (name{page.31}) has
 been already used, duplicate ignored
<to be read again> 
                   \relax 
l.5434 \end{longtable}
                       [31]
ignored error: Infinite glue shrinkage found in box being split

Package fancyhdr Warning: \headheight is too small (14.61858pt): 
(fancyhdr)                Make it at least 15.13202pt, for example:
(fancyhdr)                \setlength{\headheight}{15.13202pt}.
(fancyhdr)                You might also make \topmargin smaller:
(fancyhdr)                \addtolength{\topmargin}{-0.51344pt}.


pdfTeX warning (ext4): destination with the same identifier (name{page.32}) has
 been already used, duplicate ignored
<to be read again> 
                   \relax 
l.5434 \end{longtable}
                       [32]
ignored error: Infinite glue shrinkage found in box being split

Package fancyhdr Warning: \headheight is too small (14.61858pt): 
(fancyhdr)                Make it at least 15.13202pt, for example:
(fancyhdr)                \setlength{\headheight}{15.13202pt}.
(fancyhdr)                You might also make \topmargin smaller:
(fancyhdr)                \addtolength{\topmargin}{-0.51344pt}.


pdfTeX warning (ext4): destination with the same identifier (name{page.33}) has
 been already used, duplicate ignored
<to be read again> 
                   \relax 
l.5434 \end{longtable}
                       [33]
ignored error: Infinite glue shrinkage found in box being split

Package fancyhdr Warning: \headheight is too small (14.61858pt): 
(fancyhdr)                Make it at least 15.13202pt, for example:
(fancyhdr)                \setlength{\headheight}{15.13202pt}.
(fancyhdr)                You might also make \topmargin smaller:
(fancyhdr)                \addtolength{\topmargin}{-0.51344pt}.


pdfTeX warning (ext4): destination with the same identifier (name{page.34}) has
 been already used, duplicate ignored
<to be read again> 
                   \relax 
l.5434 \end{longtable}
                       [34]
ignored error: Infinite glue shrinkage found in box being split

Package fancyhdr Warning: \headheight is too small (14.61858pt): 
(fancyhdr)                Make it at least 15.13202pt, for example:
(fancyhdr)                \setlength{\headheight}{15.13202pt}.
(fancyhdr)                You might also make \topmargin smaller:
(fancyhdr)                \addtolength{\topmargin}{-0.51344pt}.


pdfTeX warning (ext4): destination with the same identifier (name{page.35}) has
 been already used, duplicate ignored
<to be read again> 
                   \relax 
l.5434 \end{longtable}
                       [35]
ignored error: Infinite glue shrinkage found in box being split

Package fancyhdr Warning: \headheight is too small (14.61858pt): 
(fancyhdr)                Make it at least 15.13202pt, for example:
(fancyhdr)                \setlength{\headheight}{15.13202pt}.
(fancyhdr)                You might also make \topmargin smaller:
(fancyhdr)                \addtolength{\topmargin}{-0.51344pt}.


pdfTeX warning (ext4): destination with the same identifier (name{page.36}) has
 been already used, duplicate ignored
<to be read again> 
                   \relax 
l.5434 \end{longtable}
                       [36]

Package caption Warning: The option `hypcap=true' will be ignored for this
(caption)                particular \caption on input line 5436.
See the caption package documentation for explanation.


Underfull \hbox (badness 10000) in paragraph at lines 5447--5447
[]|\T1/ptm/b/n/12 Date
 []


Underfull \hbox (badness 10000) in paragraph at lines 5447--5448
[]|\T1/ptm/b/n/12 Date
 []


Underfull \hbox (badness 2556) in paragraph at lines 5449--5449
[]|\T1/ptm/m/n/12 US-1 ‡ US-31 (Comptes,
 []


Underfull \hbox (badness 10000) in paragraph at lines 5451--5451
[]|\T1/ptm/b/n/12 CrÈation et ges-tion des
 []


Underfull \hbox (badness 10000) in paragraph at lines 5451--5451
[]|\T1/ptm/m/n/12 US-32 ‡ US-48 (Notes
 []


Underfull \hbox (badness 1701) in paragraph at lines 5451--5451
\T1/ptm/m/n/12 de frais, de-vises, no-ti-fi-ca-
 []


Underfull \hbox (badness 10000) in paragraph at lines 5451--5451
\T1/ptm/m/n/12 tions em-ployÈ/manager,
 []


Underfull \hbox (badness 5667) in paragraph at lines 5451--5451
\T1/ptm/m/n/12 vi-sua-li-sa-tion dÈ-pas-se-ments
 []


Underfull \hbox (badness 1072) in paragraph at lines 5453--5453
[]|\T1/ptm/b/n/12 Remboursement, notes in-
 []


Underfull \hbox (badness 5817) in paragraph at lines 5453--5453
[]|\T1/ptm/m/n/12 US-49 ‡ US-63 (Alertes
 []


Underfull \hbox (badness 10000) in paragraph at lines 5453--5453
\T1/ptm/m/n/12 in-ternes, rem-bour-se-ments,
 []


Underfull \hbox (badness 10000) in paragraph at lines 5453--5453
\T1/ptm/m/n/12 ordres de paie-ment, vi-
 []


Underfull \hbox (badness 10000) in paragraph at lines 5453--5453
\T1/ptm/m/n/12 sua-li-sa-tion dÈ-pas-se-ments
 []


Underfull \hbox (badness 4927) in paragraph at lines 5453--5453
\T1/ptm/m/n/12 rem-bour-se-ment, da-sh-board
 []


Underfull \hbox (badness 2435) in paragraph at lines 5453--5453
\T1/ptm/m/n/12 ex-port Ex-cel, dÈ-ploie-ment
 []


Underfull \hbox (badness 10000) in paragraph at lines 5455--5455
\T1/ptm/m/n/12 des dou-blons, mon-tants
 []


Underfull \hbox (badness 10000) in paragraph at lines 5455--5455
\T1/ptm/m/n/12 sus-pects, ano-ma-lies jus-
 []


Underfull \hbox (badness 10000) in paragraph at lines 5455--5455
\T1/ptm/m/n/12 ti-fi-ca-tifs, in-co-hÈ-rences
 []


Underfull \hbox (badness 10000) in paragraph at lines 5455--5455
\T1/ptm/m/n/12 ac-cord/form, rem-plis-
 []


Underfull \hbox (badness 10000) in paragraph at lines 5455--5455
\T1/ptm/m/n/12 sage au-to-ma-tique des
 []


Underfull \hbox (badness 10000) in paragraph at lines 5455--5455
\T1/ptm/m/n/12 fac-tures, da-sh-boards em-
 []


Underfull \hbox (badness 10000) in paragraph at lines 5455--5455
\T1/ptm/m/n/12 ployÈ/manager/admin,
 []


Overfull \hbox (16.87534pt too wide) in paragraph at lines 5445--5458
 [][] 
 []


Package fancyhdr Warning: \headheight is too small (14.61858pt): 
(fancyhdr)                Make it at least 15.13202pt, for example:
(fancyhdr)                \setlength{\headheight}{15.13202pt}.
(fancyhdr)                You might also make \topmargin smaller:
(fancyhdr)                \addtolength{\topmargin}{-0.51344pt}.


pdfTeX warning (ext4): destination with the same identifier (name{page.37}) has
 been already used, duplicate ignored
<to be read again> 
                   \relax 
l.5459 \section
               *{Conclusion} [37]

Package fancyhdr Warning: \headheight is too small (14.61858pt): 
(fancyhdr)                Make it at least 15.13202pt, for example:
(fancyhdr)                \setlength{\headheight}{15.13202pt}.
(fancyhdr)                You might also make \topmargin smaller:
(fancyhdr)                \addtolength{\topmargin}{-0.51344pt}.


pdfTeX warning (ext4): destination with the same identifier (name{page.38}) has
 been already used, duplicate ignored
<to be read again> 
                   \relax 
l.5463 \newpage
                [38]
Chapitre 11.

pdfTeX warning (ext4): destination with the same identifier (name{page.39}) has
 been already used, duplicate ignored
<to be read again> 
                   \relax 
l.5464 ...d√©partements, projets et cat√©gories¬ª}
                                                   [39

]
Overfull \hbox (19.39055pt too wide) in alignment at lines 5479--5483
 [] [] [] [] 
 []


Overfull \hbox (19.39055pt too wide) in alignment at lines 5483--5488
 [] [] [] [] 
 []


Overfull \hbox (19.39055pt too wide) in alignment at lines 5488--5493
 [] [] [] [] 
 []


Overfull \hbox (19.39055pt too wide) in alignment at lines 5493--5496
 [] [] [] [] 
 []


Underfull \hbox (badness 1590) in paragraph at lines 5502--5503
[]|\T1/ptm/m/n/12 - US-4 : Ac-ti-ver/dÈsactiver
 []


Underfull \hbox (badness 10000) in paragraph at lines 5507--5508
[]|\T1/ptm/m/n/12 - Per-son-na-li-sa-tion Key-cloak
 []


Underfull \hbox (badness 6300) in paragraph at lines 5508--5509
[]|\T1/ptm/m/n/12 - Front-end ges-tion comptes
 []


Underfull \hbox (badness 10000) in paragraph at lines 5524--5524
[]|\T1/ptm/m/n/12 US-11 ‡
 []


Underfull \hbox (badness 6927) in paragraph at lines 5534--5535
[]|\T1/ptm/m/n/12 - Front-end ges-tion dÈ-par-te-
 []


Underfull \hbox (badness 10000) in paragraph at lines 5538--5538
[]|\T1/ptm/m/n/12 US-17 ‡
 []


Underfull \hbox (badness 10000) in paragraph at lines 5555--5555
[]|\T1/ptm/m/n/12 US-25 ‡
 []


Underfull \hbox (badness 1342) in paragraph at lines 5567--5568
[]|\T1/ptm/m/n/12 - Front-end ges-tion ca-tÈ-go-ries
 []


Underfull \hbox (badness 7540) in paragraph at lines 5568--5569
[]|\T1/ptm/m/n/12 - Front-end rÈuti-li-sa-tion des
 []


Overfull \hbox (19.39055pt too wide) in alignment at lines 5496--5574
 [] [] [] [] 
 []

ignored error: Infinite glue shrinkage found in box being split

Package fancyhdr Warning: \headheight is too small (14.61858pt): 
(fancyhdr)                Make it at least 29.63202pt, for example:
(fancyhdr)                \setlength{\headheight}{29.63202pt}.
(fancyhdr)                You might also make \topmargin smaller:
(fancyhdr)                \addtolength{\topmargin}{-15.01344pt}.


pdfTeX warning (ext4): destination with the same identifier (name{page.40}) has
 been already used, duplicate ignored
<to be read again> 
                   \relax 
l.5574 \end{longtable}
                       [40

]

Package caption Warning: The option `hypcap=true' will be ignored for this
(caption)                particular \caption on input line 5576.
See the caption package documentation for explanation.

File: usecasesp1.png Graphic file (type png)
<use usecasesp1.png>
Package pdftex.def Info: usecasesp1.png  used on input line 5585.
(pdftex.def)             Requested size: 455.24411pt x 200.89319pt.

Package fancyhdr Warning: \headheight is too small (14.61858pt): 
(fancyhdr)                Make it at least 29.63202pt, for example:
(fancyhdr)                \setlength{\headheight}{29.63202pt}.
(fancyhdr)                You might also make \topmargin smaller:
(fancyhdr)                \addtolength{\topmargin}{-15.01344pt}.


pdfTeX warning (ext4): destination with the same identifier (name{page.41}) has
 been already used, duplicate ignored
<to be read again> 
                   \relax 
l.5589 
        [41]
File: usecase_raf1.png Graphic file (type png)
<use usecase_raf1.png>
Package pdftex.def Info: usecase_raf1.png  used on input line 5596.
(pdftex.def)             Requested size: 455.24411pt x 136.61188pt.
File: usecase_raf2.png Graphic file (type png)
<use usecase_raf2.png>
Package pdftex.def Info: usecase_raf2.png  used on input line 5605.
(pdftex.def)             Requested size: 455.24411pt x 99.93246pt.


Package fancyhdr Warning: \headheight is too small (14.61858pt): 
(fancyhdr)                Make it at least 29.63202pt, for example:
(fancyhdr)                \setlength{\headheight}{29.63202pt}.
(fancyhdr)                You might also make \topmargin smaller:
(fancyhdr)                \addtolength{\topmargin}{-15.01344pt}.


pdfTeX warning (ext4): destination with the same identifier (name{page.42}) has
 been already used, duplicate ignored
<to be read again> 
                   \relax 
l.5609 
        [42]
File: usecase_raf5.png Graphic file (type png)
<use usecase_raf5.png>
Package pdftex.def Info: usecase_raf5.png  used on input line 5614.
(pdftex.def)             Requested size: 455.24411pt x 138.76932pt.

ignored error: Infinite glue shrinkage found in box being split

Package fancyhdr Warning: \headheight is too small (14.61858pt): 
(fancyhdr)                Make it at least 29.63202pt, for example:
(fancyhdr)                \setlength{\headheight}{29.63202pt}.
(fancyhdr)                You might also make \topmargin smaller:
(fancyhdr)                \addtolength{\topmargin}{-15.01344pt}.


pdfTeX warning (ext4): destination with the same identifier (name{page.43}) has
 been already used, duplicate ignored
<to be read again> 
                   \relax 
l.5664 \end{longtable}
                       [43]
ignored error: Infinite glue shrinkage found in box being split

Package fancyhdr Warning: \headheight is too small (14.61858pt): 
(fancyhdr)                Make it at least 29.63202pt, for example:
(fancyhdr)                \setlength{\headheight}{29.63202pt}.
(fancyhdr)                You might also make \topmargin smaller:
(fancyhdr)                \addtolength{\topmargin}{-15.01344pt}.


pdfTeX warning (ext4): destination with the same identifier (name{page.44}) has
 been already used, duplicate ignored
<to be read again> 
                   \relax 
l.5710 \end{longtable}
                       [44]

Package fancyhdr Warning: \headheight is too small (14.61858pt): 
(fancyhdr)                Make it at least 29.63202pt, for example:
(fancyhdr)                \setlength{\headheight}{29.63202pt}.
(fancyhdr)                You might also make \topmargin smaller:
(fancyhdr)                \addtolength{\topmargin}{-15.01344pt}.


pdfTeX warning (ext4): destination with the same identifier (name{page.45}) has
 been already used, duplicate ignored
<to be read again> 
                   \relax 
l.5781 
        [45]
Underfull \hbox (badness 10000) in paragraph at lines 5817--5818
[]|\T1/ptm/m/n/12 5. Il ajoute des champs per-son-na-li-sÈs (nom, type :
 []

ignored error: Infinite glue shrinkage found in box being split

Package fancyhdr Warning: \headheight is too small (14.61858pt): 
(fancyhdr)                Make it at least 29.63202pt, for example:
(fancyhdr)                \setlength{\headheight}{29.63202pt}.
(fancyhdr)                You might also make \topmargin smaller:
(fancyhdr)                \addtolength{\topmargin}{-15.01344pt}.


pdfTeX warning (ext4): destination with the same identifier (name{page.46}) has
 been already used, duplicate ignored
<to be read again> 
                   \relax 
l.5829 \end{longtable}
                       [46]
File: authentification.png Graphic file (type png)
<use authentification.png>
Package pdftex.def Info: authentification.png  used on input line 5843.
(pdftex.def)             Requested size: 300.72911pt x 562.22023pt.


Package fancyhdr Warning: \headheight is too small (14.61858pt): 
(fancyhdr)                Make it at least 29.63202pt, for example:
(fancyhdr)                \setlength{\headheight}{29.63202pt}.
(fancyhdr)                You might also make \topmargin smaller:
(fancyhdr)                \addtolength{\topmargin}{-15.01344pt}.


pdfTeX warning (ext4): destination with the same identifier (name{page.47}) has
 been already used, duplicate ignored
<to be read again> 
                   \relax 
l.5847 
        [47]
File: seq_project2.png Graphic file (type png)
<use seq_project2.png>
Package pdftex.def Info: seq_project2.png  used on input line 5852.
(pdftex.def)             Requested size: 455.22807pt x 597.37006pt.


Package fancyhdr Warning: \headheight is too small (14.61858pt): 
(fancyhdr)                Make it at least 29.63202pt, for example:
(fancyhdr)                \setlength{\headheight}{29.63202pt}.
(fancyhdr)                You might also make \topmargin smaller:
(fancyhdr)                \addtolength{\topmargin}{-15.01344pt}.


pdfTeX warning (ext4): destination with the same identifier (name{page.48}) has
 been already used, duplicate ignored
<to be read again> 
                   \relax 
l.5856 \subsubsection
                     {Diagramme de s√©quence - Ajouter une cat√©gorie} [48]
File: seq_category.png Graphic file (type png)
<use seq_category.png>
Package pdftex.def Info: seq_category.png  used on input line 5860.
(pdftex.def)             Requested size: 455.24153pt x 646.5664pt.


Package fancyhdr Warning: \headheight is too small (14.61858pt): 
(fancyhdr)                Make it at least 29.63202pt, for example:
(fancyhdr)                \setlength{\headheight}{29.63202pt}.
(fancyhdr)                You might also make \topmargin smaller:
(fancyhdr)                \addtolength{\topmargin}{-15.01344pt}.


pdfTeX warning (ext4): destination with the same identifier (name{page.49}) has
 been already used, duplicate ignored
<to be read again> 
                   \relax 
l.5864 \subsection
                  {Diagramme de classe du sprint 1} [49]

Package fancyhdr Warning: \headheight is too small (14.61858pt): 
(fancyhdr)                Make it at least 29.63202pt, for example:
(fancyhdr)                \setlength{\headheight}{29.63202pt}.
(fancyhdr)                You might also make \topmargin smaller:
(fancyhdr)                \addtolength{\topmargin}{-15.01344pt}.


pdfTeX warning (ext4): destination with the same identifier (name{page.50}) has
 been already used, duplicate ignored
<to be read again> 
                   \relax 
l.5864 \subsection
                  {Diagramme de classe du sprint 1} [50]
Overfull \vbox (1.81926pt too high) has occurred while \output is active []



Package fancyhdr Warning: \headheight is too small (14.61858pt): 
(fancyhdr)                Make it at least 29.63202pt, for example:
(fancyhdr)                \setlength{\headheight}{29.63202pt}.
(fancyhdr)                You might also make \topmargin smaller:
(fancyhdr)                \addtolength{\topmargin}{-15.01344pt}.


pdfTeX warning (ext4): destination with the same identifier (name{page.51}) has
 been already used, duplicate ignored
<to be read again> 
                   \relax 
l.5864 \subsection
                  {Diagramme de classe du sprint 1} [51]
File: diagclassesprint1.png Graphic file (type png)
<use diagclassesprint1.png>
Package pdftex.def Info: diagclassesprint1.png  used on input line 5868.
(pdftex.def)             Requested size: 386.95479pt x 604.39522pt.


Package fancyhdr Warning: \headheight is too small (14.61858pt): 
(fancyhdr)                Make it at least 29.63202pt, for example:
(fancyhdr)                \setlength{\headheight}{29.63202pt}.
(fancyhdr)                You might also make \topmargin smaller:
(fancyhdr)                \addtolength{\topmargin}{-15.01344pt}.


pdfTeX warning (ext4): destination with the same identifier (name{page.52}) has
 been already used, duplicate ignored
<to be read again> 
                   \relax 
l.5879 
        [52]
File: home-hero.png Graphic file (type png)
<use home-hero.png>
Package pdftex.def Info: home-hero.png  used on input line 5895.
(pdftex.def)             Requested size: 455.24411pt x 220.24295pt.
File: home-about.png Graphic file (type png)
<use home-about.png>
Package pdftex.def Info: home-about.png  used on input line 5902.
(pdftex.def)             Requested size: 455.24411pt x 217.75282pt.
File: home-expertise.png Graphic file (type png)
<use home-expertise.png>
Package pdftex.def Info: home-expertise.png  used on input line 5908.
(pdftex.def)             Requested size: 455.24411pt x 219.19649pt.


Package fancyhdr Warning: \headheight is too small (14.61858pt): 
(fancyhdr)                Make it at least 29.63202pt, for example:
(fancyhdr)                \setlength{\headheight}{29.63202pt}.
(fancyhdr)                You might also make \topmargin smaller:
(fancyhdr)                \addtolength{\topmargin}{-15.01344pt}.


pdfTeX warning (ext4): destination with the same identifier (name{page.53}) has
 been already used, duplicate ignored
<to be read again> 
                   \relax 
l.5911 \end{figure}
                    [53]
File: home-services.png Graphic file (type png)
<use home-services.png>
Package pdftex.def Info: home-services.png  used on input line 5914.
(pdftex.def)             Requested size: 455.24411pt x 219.19649pt.


Package fancyhdr Warning: \headheight is too small (14.61858pt): 
(fancyhdr)                Make it at least 29.63202pt, for example:
(fancyhdr)                \setlength{\headheight}{29.63202pt}.
(fancyhdr)                You might also make \topmargin smaller:
(fancyhdr)                \addtolength{\topmargin}{-15.01344pt}.


pdfTeX warning (ext4): destination with the same identifier (name{page.54}) has
 been already used, duplicate ignored
<to be read again> 
                   \relax 
l.5918 
        [54]
File: home-contact.png Graphic file (type png)
<use home-contact.png>
Package pdftex.def Info: home-contact.png  used on input line 5921.
(pdftex.def)             Requested size: 455.24411pt x 218.80916pt.
File: interface_login.png Graphic file (type png)
<use interface_login.png>
Package pdftex.def Info: interface_login.png  used on input line 5931.
(pdftex.def)             Requested size: 455.24411pt x 198.09938pt.


Package fancyhdr Warning: \headheight is too small (14.61858pt): 
(fancyhdr)                Make it at least 29.63202pt, for example:
(fancyhdr)                \setlength{\headheight}{29.63202pt}.
(fancyhdr)                You might also make \topmargin smaller:
(fancyhdr)                \addtolength{\topmargin}{-15.01344pt}.


pdfTeX warning (ext4): destination with the same identifier (name{page.55}) has
 been already used, duplicate ignored
<to be read again> 
                   \relax 
l.5935 
        [55]
File: interface_reset_password.png Graphic file (type png)
<use interface_reset_password.png>
Package pdftex.def Info: interface_reset_password.png  used on input line 5941.

(pdftex.def)             Requested size: 455.24411pt x 197.63017pt.


Package fancyhdr Warning: \headheight is too small (14.61858pt): 
(fancyhdr)                Make it at least 29.63202pt, for example:
(fancyhdr)                \setlength{\headheight}{29.63202pt}.
(fancyhdr)                You might also make \topmargin smaller:
(fancyhdr)                \addtolength{\topmargin}{-15.01344pt}.


pdfTeX warning (ext4): destination with the same identifier (name{page.56}) has
 been already used, duplicate ignored
<to be read again> 
                   \relax 
l.5948 
        [56]
File: interface_update_password.png Graphic file (type png)
<use interface_update_password.png>
Package pdftex.def Info: interface_update_password.png  used on input line 5951
.
(pdftex.def)             Requested size: 455.24411pt x 193.52496pt.
File: interface_update_profile.png Graphic file (type png)
<use interface_update_profile.png>
Package pdftex.def Info: interface_update_profile.png  used on input line 5960.

(pdftex.def)             Requested size: 455.24411pt x 177.72745pt.


Package fancyhdr Warning: \headheight is too small (14.61858pt): 
(fancyhdr)                Make it at least 29.63202pt, for example:
(fancyhdr)                \setlength{\headheight}{29.63202pt}.
(fancyhdr)                You might also make \topmargin smaller:
(fancyhdr)                \addtolength{\topmargin}{-15.01344pt}.


pdfTeX warning (ext4): destination with the same identifier (name{page.57}) has
 been already used, duplicate ignored
<to be read again> 
                   \relax 
l.5967 
        [57]
File: modal_logout.png Graphic file (type png)
<use modal_logout.png>
Package pdftex.def Info: modal_logout.png  used on input line 5970.
(pdftex.def)             Requested size: 455.24411pt x 144.73317pt.
File: interface_users_list.png Graphic file (type png)
<use interface_users_list.png>
Package pdftex.def Info: interface_users_list.png  used on input line 5981.
(pdftex.def)             Requested size: 455.24411pt x 220.35242pt.


Package fancyhdr Warning: \headheight is too small (14.61858pt): 
(fancyhdr)                Make it at least 29.63202pt, for example:
(fancyhdr)                \setlength{\headheight}{29.63202pt}.
(fancyhdr)                You might also make \topmargin smaller:
(fancyhdr)                \addtolength{\topmargin}{-15.01344pt}.


pdfTeX warning (ext4): destination with the same identifier (name{page.58}) has
 been already used, duplicate ignored
<to be read again> 
                   \relax 
l.5985 
        [58]
File: interface_user_add.png Graphic file (type png)
<use interface_user_add.png>
Package pdftex.def Info: interface_user_add.png  used on input line 5991.
(pdftex.def)             Requested size: 455.24411pt x 220.24295pt.


Package fancyhdr Warning: \headheight is too small (14.61858pt): 
(fancyhdr)                Make it at least 29.63202pt, for example:
(fancyhdr)                \setlength{\headheight}{29.63202pt}.
(fancyhdr)                You might also make \topmargin smaller:
(fancyhdr)                \addtolength{\topmargin}{-15.01344pt}.


pdfTeX warning (ext4): destination with the same identifier (name{page.59}) has
 been already used, duplicate ignored
<to be read again> 
                   \relax 
l.5998 
        [59]
File: interface_user_edit.png Graphic file (type png)
<use interface_user_edit.png>
Package pdftex.def Info: interface_user_edit.png  used on input line 6001.
(pdftex.def)             Requested size: 455.24411pt x 220.61043pt.
File: interface_profile_view.png Graphic file (type png)
<use interface_profile_view.png>
Package pdftex.def Info: interface_profile_view.png  used on input line 6013.
(pdftex.def)             Requested size: 455.24411pt x 215.42819pt.


Package fancyhdr Warning: \headheight is too small (14.61858pt): 
(fancyhdr)                Make it at least 29.63202pt, for example:
(fancyhdr)                \setlength{\headheight}{29.63202pt}.
(fancyhdr)                You might also make \topmargin smaller:
(fancyhdr)                \addtolength{\topmargin}{-15.01344pt}.


pdfTeX warning (ext4): destination with the same identifier (name{page.60}) has
 been already used, duplicate ignored
<to be read again> 
                   \relax 
l.6017 
        [60]
File: modal_change_password.png Graphic file (type png)
<use modal_change_password.png>
Package pdftex.def Info: modal_change_password.png  used on input line 6020.
(pdftex.def)             Requested size: 455.24411pt x 207.37737pt.
File: interface_profile_edit.png Graphic file (type png)
<use interface_profile_edit.png>
Package pdftex.def Info: interface_profile_edit.png  used on input line 6030.
(pdftex.def)             Requested size: 455.24411pt x 224.51593pt.


Package fancyhdr Warning: \headheight is too small (14.61858pt): 
(fancyhdr)                Make it at least 29.63202pt, for example:
(fancyhdr)                \setlength{\headheight}{29.63202pt}.
(fancyhdr)                You might also make \topmargin smaller:
(fancyhdr)                \addtolength{\topmargin}{-15.01344pt}.


pdfTeX warning (ext4): destination with the same identifier (name{page.61}) has
 been already used, duplicate ignored
<to be read again> 
                   \relax 
l.6034 
        [61]
File: interface_profile_edit_manager.png Graphic file (type png)
<use interface_profile_edit_manager.png>
Package pdftex.def Info: interface_profile_edit_manager.png  used on input line
 6037.
(pdftex.def)             Requested size: 455.24411pt x 217.20451pt.
File: interface_departments_list.png Graphic file (type png)
<use interface_departments_list.png>
Package pdftex.def Info: interface_departments_list.png  used on input line 604
9.
(pdftex.def)             Requested size: 455.24411pt x 220.98036pt.


Package fancyhdr Warning: \headheight is too small (14.61858pt): 
(fancyhdr)                Make it at least 29.63202pt, for example:
(fancyhdr)                \setlength{\headheight}{29.63202pt}.
(fancyhdr)                You might also make \topmargin smaller:
(fancyhdr)                \addtolength{\topmargin}{-15.01344pt}.


pdfTeX warning (ext4): destination with the same identifier (name{page.62}) has
 been already used, duplicate ignored
<to be read again> 
                   \relax 
l.6053 
        [62]
File: interface_department_form.png Graphic file (type png)
<use interface_department_form.png>
Package pdftex.def Info: interface_department_form.png  used on input line 6059
.
(pdftex.def)             Requested size: 455.24411pt x 230.48145pt.


Package fancyhdr Warning: \headheight is too small (14.61858pt): 
(fancyhdr)                Make it at least 29.63202pt, for example:
(fancyhdr)                \setlength{\headheight}{29.63202pt}.
(fancyhdr)                You might also make \topmargin smaller:
(fancyhdr)                \addtolength{\topmargin}{-15.01344pt}.


pdfTeX warning (ext4): destination with the same identifier (name{page.63}) has
 been already used, duplicate ignored
<to be read again> 
                   \relax 
l.6068 
        [63]
File: interface_projects_list.png Graphic file (type png)
<use interface_projects_list.png>
Package pdftex.def Info: interface_projects_list.png  used on input line 6071.
(pdftex.def)             Requested size: 455.24411pt x 227.85568pt.
File: interface_project_form.png Graphic file (type png)
<use interface_project_form.png>
Package pdftex.def Info: interface_project_form.png  used on input line 6081.
(pdftex.def)             Requested size: 455.24411pt x 226.38486pt.


Package fancyhdr Warning: \headheight is too small (14.61858pt): 
(fancyhdr)                Make it at least 29.63202pt, for example:
(fancyhdr)                \setlength{\headheight}{29.63202pt}.
(fancyhdr)                You might also make \topmargin smaller:
(fancyhdr)                \addtolength{\topmargin}{-15.01344pt}.


pdfTeX warning (ext4): destination with the same identifier (name{page.64}) has
 been already used, duplicate ignored
<to be read again> 
                   \relax 
l.6085 
        [64]
File: my-projects.png Graphic file (type png)
<use my-projects.png>
Package pdftex.def Info: my-projects.png  used on input line 6091.
(pdftex.def)             Requested size: 455.24411pt x 228.70262pt.
File: regles-remboursement.png Graphic file (type png)
<use regles-remboursement.png>
Package pdftex.def Info: regles-remboursement.png  used on input line 6101.
(pdftex.def)             Requested size: 455.24411pt x 226.05377pt.


Package fancyhdr Warning: \headheight is too small (14.61858pt): 
(fancyhdr)                Make it at least 29.63202pt, for example:
(fancyhdr)                \setlength{\headheight}{29.63202pt}.
(fancyhdr)                You might also make \topmargin smaller:
(fancyhdr)                \addtolength{\topmargin}{-15.01344pt}.


pdfTeX warning (ext4): destination with the same identifier (name{page.65}) has
 been already used, duplicate ignored
<to be read again> 
                   \relax 
l.6105 
        [65]
File: interface_categories_list.png Graphic file (type png)
<use interface_categories_list.png>
Package pdftex.def Info: interface_categories_list.png  used on input line 6114
.
(pdftex.def)             Requested size: 455.24411pt x 226.53331pt.


Package fancyhdr Warning: \headheight is too small (14.61858pt): 
(fancyhdr)                Make it at least 29.63202pt, for example:
(fancyhdr)                \setlength{\headheight}{29.63202pt}.
(fancyhdr)                You might also make \topmargin smaller:
(fancyhdr)                \addtolength{\topmargin}{-15.01344pt}.


pdfTeX warning (ext4): destination with the same identifier (name{page.66}) has
 been already used, duplicate ignored
<to be read again> 
                   \relax 
l.6121 
        [66]
File: interface_category_form.png Graphic file (type png)
<use interface_category_form.png>
Package pdftex.def Info: interface_category_form.png  used on input line 6124.
(pdftex.def)             Requested size: 455.24411pt x 226.5283pt.
File: interface_category_form_fields.png Graphic file (type png)
<use interface_category_form_fields.png>
Package pdftex.def Info: interface_category_form_fields.png  used on input line
 6131.
(pdftex.def)             Requested size: 455.24411pt x 223.68697pt.


Package fancyhdr Warning: \headheight is too small (14.61858pt): 
(fancyhdr)                Make it at least 29.63202pt, for example:
(fancyhdr)                \setlength{\headheight}{29.63202pt}.
(fancyhdr)                You might also make \topmargin smaller:
(fancyhdr)                \addtolength{\topmargin}{-15.01344pt}.


pdfTeX warning (ext4): destination with the same identifier (name{page.67}) has
 been already used, duplicate ignored
<to be read again> 
                   \relax 
l.6138     \item L
                  iste des cat√©gories existantes [67]

Package fancyhdr Warning: \headheight is too small (14.61858pt): 
(fancyhdr)                Make it at least 29.63202pt, for example:
(fancyhdr)                \setlength{\headheight}{29.63202pt}.
(fancyhdr)                You might also make \topmargin smaller:
(fancyhdr)                \addtolength{\topmargin}{-15.01344pt}.


pdfTeX warning (ext4): destination with the same identifier (name{page.68}) has
 been already used, duplicate ignored
<to be read again> 
                   \relax 
l.6147 \newpage
                [68]
Chapitre 12.

pdfTeX warning (ext4): destination with the same identifier (name{page.69}) has
 been already used, duplicate ignored
<to be read again> 
                   \relax 
l.6149 ...rint 2 ¬´ Gestion des notes de frais ¬ª}
                                                   [69

]
Underfull \hbox (badness 1082) in paragraph at lines 6180--6180
\T1/ptm/m/n/12 de sou-mettre mes dÈ-penses
 []


Underfull \hbox (badness 1048) in paragraph at lines 6182--6183
[]|\T1/ptm/m/n/12 - Ba-ckend : end-points CRUD
 []


Underfull \hbox (badness 10000) in paragraph at lines 6183--6184
[]|\T1/ptm/m/n/12 - Fron-tend : for-mu-laire de
 []


Underfull \hbox (badness 10000) in paragraph at lines 6187--6187
[]|\T1/ptm/m/n/12 En tant qu'uti-li-sa-teur, je
 []


Underfull \hbox (badness 1975) in paragraph at lines 6201--6201
\T1/ptm/m/n/12 mo-di-fier ou sup-pri-mer une
 []


Underfull \hbox (badness 3646) in paragraph at lines 6215--6215
\T1/ptm/m/n/12 d'ana-ly-ser ef-fi-ca-ce-ment les
 []


Underfull \hbox (badness 4205) in paragraph at lines 6222--6222
\T1/ptm/m/n/12 nou-velle note est sou-mise
 []


Underfull \hbox (badness 2293) in paragraph at lines 6229--6229
\T1/ptm/m/n/12 veux re-ce-voir des no-ti-fi-ca-
 []


Underfull \hbox (badness 1270) in paragraph at lines 6235--6235
\T1/ptm/m/n/12 men-taire op-tion-nel) afin de
 []


Underfull \hbox (badness 2111) in paragraph at lines 6249--6249
\T1/ptm/m/n/12 vi-sua-li-ser, avant de va-li-der
 []


Underfull \hbox (badness 1226) in paragraph at lines 6249--6249
\T1/ptm/m/n/12 une note de frais, l'im-pact
 []


Underfull \hbox (badness 1635) in paragraph at lines 6249--6249
\T1/ptm/m/n/12 ser le bud-get al-louÈ et de
 []


Underfull \hbox (badness 3179) in paragraph at lines 6252--6253
[]|\T1/ptm/m/n/12 - Fron-tend : af-fi-chage d'une
 []


Underfull \hbox (badness 6592) in paragraph at lines 6256--6256
[]|\T1/ptm/m/n/12 En tant que ma-na-ger, je
 []


Underfull \hbox (badness 2573) in paragraph at lines 6256--6256
\T1/ptm/m/n/12 ma-tion dÈ-taillÈe par pro-jet
 []


Underfull \hbox (badness 3965) in paragraph at lines 6263--6263
\T1/ptm/m/n/12 consul-ter l'his-to-rique com-
 []


Underfull \hbox (badness 4072) in paragraph at lines 6270--6270
\T1/ptm/m/n/12 no-ti-fi-ca-tion de mon his-to-
 []


Underfull \hbox (badness 1087) in paragraph at lines 6277--6277
\T1/ptm/m/n/12 tion sans re-cherche sup-plÈ-
 []

ignored error: Infinite glue shrinkage found in box being split
pdfTeX warning (ext4): destination with the same identifier (name{page.70}) has
 been already used, duplicate ignored
<to be read again> 
                   \relax 
l.6299 \end{longtable}
                       [70

]
ignored error: Infinite glue shrinkage found in box being split
pdfTeX warning (ext4): destination with the same identifier (name{page.71}) has
 been already used, duplicate ignored
<to be read again> 
                   \relax 
l.6299 \end{longtable}
                       [71]
ignored error: Infinite glue shrinkage found in box being split
pdfTeX warning (ext4): destination with the same identifier (name{page.72}) has
 been already used, duplicate ignored
<to be read again> 
                   \relax 
l.6299 \end{longtable}
                       [72]

Package caption Warning: The option `hypcap=true' will be ignored for this
(caption)                particular \caption on input line 6301.
See the caption package documentation for explanation.

File: usecasesp2.png Graphic file (type png)
<use usecasesp2.png>
Package pdftex.def Info: usecasesp2.png  used on input line 6309.
(pdftex.def)             Requested size: 455.24411pt x 228.39943pt.

pdfTeX warning (ext4): destination with the same identifier (name{page.73}) has
 been already used, duplicate ignored
<to be read again> 
                   \relax 
l.6313 
        [73]
LaTeX Info: Symbol \textrightarrow not provided by
            font family ptm in TS1 encoding.
            Default family used instead on input line 6360.

ignored error: Infinite glue shrinkage found in box being split
pdfTeX warning (ext4): destination with the same identifier (name{page.74}) has
 been already used, duplicate ignored
<to be read again> 
                   \relax 
l.6372 \end{longtable}
                       [74]

Package caption Warning: The option `hypcap=true' will be ignored for this
(caption)                particular \caption on input line 6373.
See the caption package documentation for explanation.


Underfull \hbox (badness 4582) in paragraph at lines 6388--6389
[]|\T1/ptm/m/n/12 L'employÈ est au-then-ti-fiÈ et pos-sËde une note en sta-tut
 []


pdfTeX warning (ext4): destination with the same identifier (name{page.75}) has
 been already used, duplicate ignored
<to be read again> 
                   \relax 
l.6404 \end{longtable}
                       [75]

Package caption Warning: The option `hypcap=true' will be ignored for this
(caption)                particular \caption on input line 6405.
See the caption package documentation for explanation.


pdfTeX warning (ext4): destination with the same identifier (name{page.76}) has
 been already used, duplicate ignored
<to be read again> 
                   \relax 
l.6407 \newpage
                [76]

Package caption Warning: The option `hypcap=true' will be ignored for this
(caption)                particular \caption on input line 6438.
See the caption package documentation for explanation.


pdfTeX warning (ext4): destination with the same identifier (name{page.77}) has
 been already used, duplicate ignored
<to be read again> 
                   \relax 
l.6441 \newpage
                [77]
pdfTeX warning (ext4): destination with the same identifier (name{page.78}) has
 been already used, duplicate ignored
<to be read again> 
                   \relax 
l.6486 \newpage
                [78]
File: sequence_submit_note.png Graphic file (type png)
<use sequence_submit_note.png>
Package pdftex.def Info: sequence_submit_note.png  used on input line 6505.
(pdftex.def)             Requested size: 455.23752pt x 429.60837pt.
File: diag_classe_sp2.png Graphic file (type png)
<use diag_classe_sp2.png>
Package pdftex.def Info: diag_classe_sp2.png  used on input line 6524.
(pdftex.def)             Requested size: 632.46553pt x 265.03102pt.

pdfTeX warning (ext4): destination with the same identifier (name{page.79}) has
 been already used, duplicate ignored
<to be read again> 
                   \relax 
l.6528 \section
               {Interfaces d√©velopp√©es} [79]
File: add_note.png Graphic file (type png)
<use add_note.png>
Package pdftex.def Info: add_note.png  used on input line 6535.
(pdftex.def)             Requested size: 455.24992pt x 351.39864pt.

pdfTeX warning (ext4): destination with the same identifier (name{page.80}) has
 been already used, duplicate ignored
<to be read again> 
                   \relax 
l.6538 \end{figure}
                    [80]
File: suite_add_note.png Graphic file (type png)
<use suite_add_note.png>
Package pdftex.def Info: suite_add_note.png  used on input line 6541.
(pdftex.def)             Requested size: 455.24011pt x 351.39586pt.

pdfTeX warning (ext4): destination with the same identifier (name{page.81}) has
 been already used, duplicate ignored
<to be read again> 
                   \relax 
l.6545 
        [81]
File: my_notes.png Graphic file (type png)
<use my_notes.png>
Package pdftex.def Info: my_notes.png  used on input line 6553.
(pdftex.def)             Requested size: 455.24411pt x 218.36949pt.

pdfTeX warning (ext4): destination with the same identifier (name{page.82}) has
 been already used, duplicate ignored
<to be read again> 
                   \relax 
l.6557 \subsubsection
                     {Modal de confirmation de suppression d'une note} [82]
File: delete_modal.png Graphic file (type png)
<use delete_modal.png>
Package pdftex.def Info: delete_modal.png  used on input line 6562.
(pdftex.def)             Requested size: 455.24411pt x 244.45055pt.
File: manager_notes_list.png Graphic file (type png)
<use manager_notes_list.png>
Package pdftex.def Info: manager_notes_list.png  used on input line 6573.
(pdftex.def)             Requested size: 455.24411pt x 227.01581pt.

pdfTeX warning (ext4): destination with the same identifier (name{page.83}) has
 been already used, duplicate ignored
<to be read again> 
                   \relax 
l.6576 \end{figure}
                    [83]
File: details_note_sprint2.png Graphic file (type png)
<use details_note_sprint2.png>
Package pdftex.def Info: details_note_sprint2.png  used on input line 6582.
(pdftex.def)             Requested size: 455.24411pt x 288.67323pt.

pdfTeX warning (ext4): destination with the same identifier (name{page.84}) has
 been already used, duplicate ignored
<to be read again> 
                   \relax 
l.6586 
        [84]
File: consommation_employee_sprint2.png Graphic file (type png)
<use consommation_employee_sprint2.png>
Package pdftex.def Info: consommation_employee_sprint2.png  used on input line 
6592.
(pdftex.def)             Requested size: 409.71692pt x 203.66652pt.
File: manager_validate.png Graphic file (type png)
<use manager_validate.png>
Package pdftex.def Info: manager_validate.png  used on input line 6600.
(pdftex.def)             Requested size: 455.24411pt x 223.95685pt.

pdfTeX warning (ext4): destination with the same identifier (name{page.85}) has
 been already used, duplicate ignored
<to be read again> 
                   \relax 
l.6603 \end{figure}
                    [85]
File: manager_refus.png Graphic file (type png)
<use manager_refus.png>
Package pdftex.def Info: manager_refus.png  used on input line 6609.
(pdftex.def)             Requested size: 455.24411pt x 223.86078pt.

pdfTeX warning (ext4): destination with the same identifier (name{page.86}) has
 been already used, duplicate ignored
<to be read again> 
                   \relax 
l.6613 
        [86]

! LaTeX Error: Unicode character ‚ÄØ (U+202F)
               not set up for use with LaTeX.

See the LaTeX manual or LaTeX Companion for explanation.
Type  H <return>  for immediate help.
 ...                                              
                                                  
l.6615 ...ification, ou utiliser les boutons ¬´‚ÄØ
                                                  Tout marquer comme lu‚ÄØ¬ª...

You may provide a definition with
\DeclareUnicodeCharacter 


! LaTeX Error: Unicode character ‚ÄØ (U+202F)
               not set up for use with LaTeX.

See the LaTeX manual or LaTeX Companion for explanation.
Type  H <return>  for immediate help.
 ...                                              
                                                  
l.6615 ...es boutons ¬´‚ÄØTout marquer comme lu‚ÄØ
                                                  ¬ª et ¬´‚ÄØEffacer tout‚ÄØ...

You may provide a definition with
\DeclareUnicodeCharacter 


! LaTeX Error: Unicode character ‚ÄØ (U+202F)
               not set up for use with LaTeX.

See the LaTeX manual or LaTeX Companion for explanation.
Type  H <return>  for immediate help.
 ...                                              
                                                  
l.6615 ...¬´‚ÄØTout marquer comme lu‚ÄØ¬ª et ¬´‚ÄØ
                                                  Effacer tout‚ÄØ¬ª. Un badg...

You may provide a definition with
\DeclareUnicodeCharacter 


! LaTeX Error: Unicode character ‚ÄØ (U+202F)
               not set up for use with LaTeX.

See the LaTeX manual or LaTeX Companion for explanation.
Type  H <return>  for immediate help.
 ...                                              
                                                  
l.6615 ...er comme lu‚ÄØ¬ª et ¬´‚ÄØEffacer tout‚ÄØ
                                                  ¬ª. Un badge indique le no...

You may provide a definition with
\DeclareUnicodeCharacter 

File: notificaton_employee.png Graphic file (type png)
<use notificaton_employee.png>
Package pdftex.def Info: notificaton_employee.png  used on input line 6619.
(pdftex.def)             Requested size: 227.62206pt x 271.40453pt.
File: notification manager.jpeg Graphic file (type jpg)
<use notification manager.jpeg>
Package pdftex.def Info: notification manager.jpeg  used on input line 6625.
(pdftex.def)             Requested size: 182.09486pt x 251.2345pt.

pdfTeX warning (ext4): destination with the same identifier (name{page.87}) has
 been already used, duplicate ignored
<to be read again> 
                   \relax 
l.6628 \end{figure}
                    [87]
File: admin_notification.png Graphic file (type png)
<use admin_notification.png>
Package pdftex.def Info: admin_notification.png  used on input line 6631.
(pdftex.def)             Requested size: 182.09486pt x 227.10239pt.

pdfTeX warning (ext4): destination with the same identifier (name{page.88}) has
 been already used, duplicate ignored
<to be read again> 
                   \relax 
l.6635 \subsubsection
                     {Interface d'historique des notifications} [88]
File: notification_history.png Graphic file (type png)
<use notification_history.png>
Package pdftex.def Info: notification_history.png  used on input line 6639.
(pdftex.def)             Requested size: 455.24411pt x 227.86139pt.

pdfTeX warning (ext4): destination with the same identifier (name{page.89}) has
 been already used, duplicate ignored
<to be read again> 
                   \relax 
l.6643 
        [89]
pdfTeX warning (ext4): destination with the same identifier (name{page.90}) has
 been already used, duplicate ignored
<to be read again> 
                   \relax 
l.6648 \chapter
               {Sprint 3 ¬´ Remboursement et d√©ploiement¬ª} [90]
Chapitre 13.

pdfTeX warning (ext4): destination with the same identifier (name{page.91}) has
 been already used, duplicate ignored
<to be read again> 
                   \relax 
l.6648 ...nt 3 ¬´ Remboursement et d√©ploiement¬ª}
                                                   [91

]
Underfull \hbox (badness 2126) in paragraph at lines 6689--6689
\T1/ptm/m/n/12 que-ment par l'autre par-tie,
 []


Underfull \hbox (badness 10000) in paragraph at lines 6696--6696
[]|\T1/ptm/m/n/12 En tant qu'ad-mi-nis-tra-teur,
 []


Underfull \hbox (badness 2790) in paragraph at lines 6699--6700
[]|\T1/ptm/m/n/12 - Fron-tend : page Va-li-da-ted-
 []


Underfull \hbox (badness 1024) in paragraph at lines 6699--6700
\T1/ptm/m/n/12 No-tes-List-Com-ponent (liste des
 []


Underfull \hbox (badness 4518) in paragraph at lines 6706--6707
[]|\T1/ptm/m/n/12 - Fron-tend : page Reim-bur-
 []


Underfull \hbox (badness 2671) in paragraph at lines 6710--6710
\T1/ptm/m/n/12 veux re-je-ter le rem-bour-se-
 []


Underfull \hbox (badness 4036) in paragraph at lines 6710--6710
\T1/ptm/m/n/12 ment d'une note avec un
 []


Underfull \hbox (badness 1533) in paragraph at lines 6712--6713
\T1/ptm/m/n/12 rem-bour-se-ment avec com-men-
 []


Underfull \hbox (badness 2359) in paragraph at lines 6714--6715
[]|\T1/ptm/m/n/12 - In-tÈ-gra-tion des no-ti-fi-ca-tions
 []


Underfull \hbox (badness 6876) in paragraph at lines 6717--6717
\T1/ptm/m/n/12 veux consul-ter l'ordre de
 []


Underfull \hbox (badness 6252) in paragraph at lines 6717--6717
\T1/ptm/m/n/12 paie-ment gÈ-nÈrÈ au-to-ma-ti-
 []


Underfull \hbox (badness 10000) in paragraph at lines 6726--6727
[]|\T1/ptm/m/n/12 - Ba-ckend : end-points
 []


Underfull \hbox (badness 10000) in paragraph at lines 6726--6727
\T1/ptm/m/n/12 pour ordres de paie-
 []


Underfull \hbox (badness 10000) in paragraph at lines 6726--6727
\T1/ptm/m/n/12 ment (CRUD, sta-tut
 []


Overfull \hbox (7.11713pt too wide) in paragraph at lines 6726--6727
\T1/ptm/m/n/12 EN_ATTENTE/PAYE/ANNULE)| 
 []


Underfull \hbox (badness 10000) in paragraph at lines 6745--6745
[]|\T1/ptm/m/n/12 En tant qu'ad-mi-nis-tra-teur,
 []


Underfull \hbox (badness 1360) in paragraph at lines 6745--6745
\T1/ptm/m/n/12 le bud-get res-tant du pro-jet
 []


Underfull \hbox (badness 3179) in paragraph at lines 6748--6749
[]|\T1/ptm/m/n/12 - Fron-tend : af-fi-chage d'une
 []


Underfull \hbox (badness 1715) in paragraph at lines 6752--6752
\T1/ptm/m/n/12 gets et consom-ma-tions des
 []


Underfull \hbox (badness 10000) in paragraph at lines 6754--6755
[]|\T1/ptm/m/n/12 - Com-po-sant An-gu-lar
 []


Underfull \hbox (badness 1052) in paragraph at lines 6759--6759
\T1/ptm/m/n/12 veux fil-trer les don-nÈes du
 []


Underfull \hbox (badness 3029) in paragraph at lines 6765--6765
\T1/ptm/m/n/12 ligne ou des ana-lyses ex-
 []


Underfull \hbox (badness 4779) in paragraph at lines 6771--6771
\T1/ptm/m/n/12 Ex-cel afin d'ef-fec-tuer des
 []

ignored error: Infinite glue shrinkage found in box being split

Package fancyhdr Warning: \headheight is too small (14.61858pt): 
(fancyhdr)                Make it at least 15.13202pt, for example:
(fancyhdr)                \setlength{\headheight}{15.13202pt}.
(fancyhdr)                You might also make \topmargin smaller:
(fancyhdr)                \addtolength{\topmargin}{-0.51344pt}.


pdfTeX warning (ext4): destination with the same identifier (name{page.92}) has
 been already used, duplicate ignored
<to be read again> 
                   \relax 
l.6788 \end{longtable}
                       [92

]
ignored error: Infinite glue shrinkage found in box being split

Package fancyhdr Warning: \headheight is too small (14.61858pt): 
(fancyhdr)                Make it at least 15.13202pt, for example:
(fancyhdr)                \setlength{\headheight}{15.13202pt}.
(fancyhdr)                You might also make \topmargin smaller:
(fancyhdr)                \addtolength{\topmargin}{-0.51344pt}.


pdfTeX warning (ext4): destination with the same identifier (name{page.93}) has
 been already used, duplicate ignored
<to be read again> 
                   \relax 
l.6788 \end{longtable}
                       [93]
ignored error: Infinite glue shrinkage found in box being split

Package fancyhdr Warning: \headheight is too small (14.61858pt): 
(fancyhdr)                Make it at least 15.13202pt, for example:
(fancyhdr)                \setlength{\headheight}{15.13202pt}.
(fancyhdr)                You might also make \topmargin smaller:
(fancyhdr)                \addtolength{\topmargin}{-0.51344pt}.


pdfTeX warning (ext4): destination with the same identifier (name{page.94}) has
 been already used, duplicate ignored
<to be read again> 
                   \relax 
l.6788 \end{longtable}
                       [94]

Package caption Warning: The option `hypcap=true' will be ignored for this
(caption)                particular \caption on input line 6790.
See the caption package documentation for explanation.

File: usecasesp3.png Graphic file (type png)
<use usecasesp3.png>
Package pdftex.def Info: usecasesp3.png  used on input line 6799.
(pdftex.def)             Requested size: 455.24277pt x 281.10294pt.

Package fancyhdr Warning: \headheight is too small (14.61858pt): 
(fancyhdr)                Make it at least 15.13202pt, for example:
(fancyhdr)                \setlength{\headheight}{15.13202pt}.
(fancyhdr)                You might also make \topmargin smaller:
(fancyhdr)                \addtolength{\topmargin}{-0.51344pt}.


pdfTeX warning (ext4): destination with the same identifier (name{page.95}) has
 been already used, duplicate ignored
<to be read again> 
                   \relax 
l.6803 
        [95]
ignored error: Infinite glue shrinkage found in box being split

Package fancyhdr Warning: \headheight is too small (14.61858pt): 
(fancyhdr)                Make it at least 15.13202pt, for example:
(fancyhdr)                \setlength{\headheight}{15.13202pt}.
(fancyhdr)                You might also make \topmargin smaller:
(fancyhdr)                \addtolength{\topmargin}{-0.51344pt}.


pdfTeX warning (ext4): destination with the same identifier (name{page.96}) has
 been already used, duplicate ignored
<to be read again> 
                   \relax 
l.6843 \end{longtable}
                       [96]

Package caption Warning: The option `hypcap=true' will be ignored for this
(caption)                particular \caption on input line 6844.
See the caption package documentation for explanation.

ignored error: Infinite glue shrinkage found in box being split

Package fancyhdr Warning: \headheight is too small (14.61858pt): 
(fancyhdr)                Make it at least 15.13202pt, for example:
(fancyhdr)                \setlength{\headheight}{15.13202pt}.
(fancyhdr)                You might also make \topmargin smaller:
(fancyhdr)                \addtolength{\topmargin}{-0.51344pt}.


pdfTeX warning (ext4): destination with the same identifier (name{page.97}) has
 been already used, duplicate ignored
<to be read again> 
                   \relax 
l.6891 \end{longtable}
                       [97]

Package caption Warning: The option `hypcap=true' will be ignored for this
(caption)                particular \caption on input line 6892.
See the caption package documentation for explanation.

ignored error: Infinite glue shrinkage found in box being split

Package fancyhdr Warning: \headheight is too small (14.61858pt): 
(fancyhdr)                Make it at least 15.13202pt, for example:
(fancyhdr)                \setlength{\headheight}{15.13202pt}.
(fancyhdr)                You might also make \topmargin smaller:
(fancyhdr)                \addtolength{\topmargin}{-0.51344pt}.


pdfTeX warning (ext4): destination with the same identifier (name{page.98}) has
 been already used, duplicate ignored
<to be read again> 
                   \relax 
l.6940 \end{longtable}
                       [98]

Package caption Warning: The option `hypcap=true' will be ignored for this
(caption)                particular \caption on input line 6941.
See the caption package documentation for explanation.

File: sequence_reimbursement.png Graphic file (type png)
<use sequence_reimbursement.png>
Package pdftex.def Info: sequence_reimbursement.png  used on input line 6949.
(pdftex.def)             Requested size: 455.24437pt x 604.39108pt.

Package fancyhdr Warning: \headheight is too small (14.61858pt): 
(fancyhdr)                Make it at least 15.13202pt, for example:
(fancyhdr)                \setlength{\headheight}{15.13202pt}.
(fancyhdr)                You might also make \topmargin smaller:
(fancyhdr)                \addtolength{\topmargin}{-0.51344pt}.


pdfTeX warning (ext4): destination with the same identifier (name{page.99}) has
 been already used, duplicate ignored
<to be read again> 
                   \relax 
l.6953 \subsubsection
                     {Diagramme de s√©quence ‚Äì Rejeter une note de frais}
[99]
File: seq_rejection.png Graphic file (type png)
<use seq_rejection.png>
Package pdftex.def Info: seq_rejection.png  used on input line 6957.
(pdftex.def)             Requested size: 455.22949pt x 491.93304pt.


Package fancyhdr Warning: \headheight is too small (14.61858pt): 
(fancyhdr)                Make it at least 15.13202pt, for example:
(fancyhdr)                \setlength{\headheight}{15.13202pt}.
(fancyhdr)                You might also make \topmargin smaller:
(fancyhdr)                \addtolength{\topmargin}{-0.51344pt}.


pdfTeX warning (ext4): destination with the same identifier (name{page.100}) ha
s been already used, duplicate ignored
<to be read again> 
                   \relax 
l.6961 \subsubsection
                     {Diagramme de d√©ploiement - Dockerisation} [100]
File: deploiement_sp3.png Graphic file (type png)
<use deploiement_sp3.png>
Package pdftex.def Info: deploiement_sp3.png  used on input line 6965.
(pdftex.def)             Requested size: 546.28961pt x 302.01973pt.


Package fancyhdr Warning: \headheight is too small (14.61858pt): 
(fancyhdr)                Make it at least 15.13202pt, for example:
(fancyhdr)                \setlength{\headheight}{15.13202pt}.
(fancyhdr)                You might also make \topmargin smaller:
(fancyhdr)                \addtolength{\topmargin}{-0.51344pt}.


pdfTeX warning (ext4): destination with the same identifier (name{page.101}) ha
s been already used, duplicate ignored
<to be read again> 
                   \relax 
l.6969 
        [101]
File: class_diagram_sprint3.png Graphic file (type png)
<use class_diagram_sprint3.png>
Package pdftex.def Info: class_diagram_sprint3.png  used on input line 6974.
(pdftex.def)             Requested size: 455.24496pt x 456.80331pt.


Package fancyhdr Warning: \headheight is too small (14.61858pt): 
(fancyhdr)                Make it at least 15.13202pt, for example:
(fancyhdr)                \setlength{\headheight}{15.13202pt}.
(fancyhdr)                You might also make \topmargin smaller:
(fancyhdr)                \addtolength{\topmargin}{-0.51344pt}.


pdfTeX warning (ext4): destination with the same identifier (name{page.102}) ha
s been already used, duplicate ignored
<to be read again> 
                   \relax 
l.6978 
        [102]
File: validated_notes.png Graphic file (type png)
<use validated_notes.png>
Package pdftex.def Info: validated_notes.png  used on input line 6988.
(pdftex.def)             Requested size: 455.24411pt x 218.44518pt.


Package fancyhdr Warning: \headheight is too small (14.61858pt): 
(fancyhdr)                Make it at least 15.13202pt, for example:
(fancyhdr)                \setlength{\headheight}{15.13202pt}.
(fancyhdr)                You might also make \topmargin smaller:
(fancyhdr)                \addtolength{\topmargin}{-0.51344pt}.


pdfTeX warning (ext4): destination with the same identifier (name{page.103}) ha
s been already used, duplicate ignored
<to be read again> 
                   \relax 
l.6992 
        [103]
File: reimbursement_form.png Graphic file (type png)
<use reimbursement_form.png>
Package pdftex.def Info: reimbursement_form.png  used on input line 6998.
(pdftex.def)             Requested size: 455.24411pt x 202.91931pt.


Package fancyhdr Warning: \headheight is too small (14.61858pt): 
(fancyhdr)                Make it at least 15.13202pt, for example:
(fancyhdr)                \setlength{\headheight}{15.13202pt}.
(fancyhdr)                You might also make \topmargin smaller:
(fancyhdr)                \addtolength{\topmargin}{-0.51344pt}.


pdfTeX warning (ext4): destination with the same identifier (name{page.104}) ha
s been already used, duplicate ignored
<to be read again> 
                   \relax 
l.7005 
        [104]
File: reimbursement_list.png Graphic file (type png)
<use reimbursement_list.png>
Package pdftex.def Info: reimbursement_list.png  used on input line 7008.
(pdftex.def)             Requested size: 455.24411pt x 222.1962pt.
File: order_details.png Graphic file (type png)
<use order_details.png>
Package pdftex.def Info: order_details.png  used on input line 7025.
(pdftex.def)             Requested size: 455.24411pt x 171.76965pt.


Package fancyhdr Warning: \headheight is too small (14.61858pt): 
(fancyhdr)                Make it at least 15.13202pt, for example:
(fancyhdr)                \setlength{\headheight}{15.13202pt}.
(fancyhdr)                You might also make \topmargin smaller:
(fancyhdr)                \addtolength{\topmargin}{-0.51344pt}.


pdfTeX warning (ext4): destination with the same identifier (name{page.105}) ha
s been already used, duplicate ignored
<to be read again> 
                   \relax 
l.7029 
        [105]
File: payment_confirmation_modal.png Graphic file (type png)
<use payment_confirmation_modal.png>
Package pdftex.def Info: payment_confirmation_modal.png  used on input line 703
5.
(pdftex.def)             Requested size: 455.24411pt x 214.38197pt.


Package fancyhdr Warning: \headheight is too small (14.61858pt): 
(fancyhdr)                Make it at least 15.13202pt, for example:
(fancyhdr)                \setlength{\headheight}{15.13202pt}.
(fancyhdr)                You might also make \topmargin smaller:
(fancyhdr)                \addtolength{\topmargin}{-0.51344pt}.


pdfTeX warning (ext4): destination with the same identifier (name{page.106}) ha
s been already used, duplicate ignored
<to be read again> 
                   \relax 
l.7042 
        [106]
File: reject_modal.png Graphic file (type png)
<use reject_modal.png>
Package pdftex.def Info: reject_modal.png  used on input line 7045.
(pdftex.def)             Requested size: 455.24411pt x 260.3916pt.
File: archive_page.png Graphic file (type png)
<use archive_page.png>
Package pdftex.def Info: archive_page.png  used on input line 7060.
(pdftex.def)             Requested size: 455.24411pt x 217.51996pt.


Package fancyhdr Warning: \headheight is too small (14.61858pt): 
(fancyhdr)                Make it at least 15.13202pt, for example:
(fancyhdr)                \setlength{\headheight}{15.13202pt}.
(fancyhdr)                You might also make \topmargin smaller:
(fancyhdr)                \addtolength{\topmargin}{-0.51344pt}.


pdfTeX warning (ext4): destination with the same identifier (name{page.107}) ha
s been already used, duplicate ignored
<to be read again> 
                   \relax 
l.7064 
        [107]
File: noteinterne.jpeg Graphic file (type jpg)
<use noteinterne.jpeg>
Package pdftex.def Info: noteinterne.jpeg  used on input line 7075.
(pdftex.def)             Requested size: 455.24411pt x 248.39015pt.
File: mesagerie_note_interne.jpeg Graphic file (type jpg)
<use mesagerie_note_interne.jpeg>
Package pdftex.def Info: mesagerie_note_interne.jpeg  used on input line 7081.
(pdftex.def)             Requested size: 455.24411pt x 250.0973pt.


Package fancyhdr Warning: \headheight is too small (14.61858pt): 
(fancyhdr)                Make it at least 15.13202pt, for example:
(fancyhdr)                \setlength{\headheight}{15.13202pt}.
(fancyhdr)                You might also make \topmargin smaller:
(fancyhdr)                \addtolength{\topmargin}{-0.51344pt}.


pdfTeX warning (ext4): destination with the same identifier (name{page.108}) ha
s been already used, duplicate ignored
<to be read again> 
                   \relax 
l.7084 \end{figure}
                    [108]
File: discussion_note_interne.jpeg Graphic file (type jpg)
<use discussion_note_interne.jpeg>
Package pdftex.def Info: discussion_note_interne.jpeg  used on input line 7087.

(pdftex.def)             Requested size: 455.24411pt x 248.39015pt.


Package fancyhdr Warning: \headheight is too small (14.61858pt): 
(fancyhdr)                Make it at least 15.13202pt, for example:
(fancyhdr)                \setlength{\headheight}{15.13202pt}.
(fancyhdr)                You might also make \topmargin smaller:
(fancyhdr)                \addtolength{\topmargin}{-0.51344pt}.


pdfTeX warning (ext4): destination with the same identifier (name{page.109}) ha
s been already used, duplicate ignored
<to be read again> 
                   \relax 
l.7091 \subsection
                  {Dashboard projets administrateur} [109]
File: dashboard_projet.jpeg Graphic file (type jpg)
<use dashboard_projet.jpeg>
Package pdftex.def Info: dashboard_projet.jpeg  used on input line 7103.
(pdftex.def)             Requested size: 455.24411pt x 617.12662pt.


Package fancyhdr Warning: \headheight is too small (14.61858pt): 
(fancyhdr)                Make it at least 15.13202pt, for example:
(fancyhdr)                \setlength{\headheight}{15.13202pt}.
(fancyhdr)                You might also make \topmargin smaller:
(fancyhdr)                \addtolength{\topmargin}{-0.51344pt}.


pdfTeX warning (ext4): destination with the same identifier (name{page.110}) ha
s been already used, duplicate ignored
<to be read again> 
                   \relax 
l.7107 
        [110]

Package fancyhdr Warning: \headheight is too small (14.61858pt): 
(fancyhdr)                Make it at least 15.13202pt, for example:
(fancyhdr)                \setlength{\headheight}{15.13202pt}.
(fancyhdr)                You might also make \topmargin smaller:
(fancyhdr)                \addtolength{\topmargin}{-0.51344pt}.


pdfTeX warning (ext4): destination with the same identifier (name{page.111}) ha
s been already used, duplicate ignored
<to be read again> 
                   \relax 
l.7110 
        [111]
File: exported_data.png Graphic file (type png)
<use exported_data.png>
Package pdftex.def Info: exported_data.png  used on input line 7113.
(pdftex.def)             Requested size: 455.24411pt x 255.35716pt.
File: docker_interface.png Graphic file (type png)
<use docker_interface.png>
Package pdftex.def Info: docker_interface.png  used on input line 7135.
(pdftex.def)             Requested size: 409.71692pt x 245.82944pt.


Package fancyhdr Warning: \headheight is too small (14.61858pt): 
(fancyhdr)                Make it at least 15.13202pt, for example:
(fancyhdr)                \setlength{\headheight}{15.13202pt}.
(fancyhdr)                You might also make \topmargin smaller:
(fancyhdr)                \addtolength{\topmargin}{-0.51344pt}.


pdfTeX warning (ext4): destination with the same identifier (name{page.112}) ha
s been already used, duplicate ignored
<to be read again> 
                   \relax 
l.7139 
        [112]

Package fancyhdr Warning: \headheight is too small (14.61858pt): 
(fancyhdr)                Make it at least 15.13202pt, for example:
(fancyhdr)                \setlength{\headheight}{15.13202pt}.
(fancyhdr)                You might also make \topmargin smaller:
(fancyhdr)                \addtolength{\topmargin}{-0.51344pt}.


pdfTeX warning (ext4): destination with the same identifier (name{page.113}) ha
s been already used, duplicate ignored
<to be read again> 
                   \relax 
l.7148 \chapter
               {Sprint 4 ‚Äì D√©tection des anomalies et Dashboards} [113]
Chapitre 14.

pdfTeX warning (ext4): destination with the same identifier (name{page.114}) ha
s been already used, duplicate ignored
<to be read again> 
                   \relax 
l.7148 ... D√©tection des anomalies et Dashboards}
                                                   [114

]
Underfull \hbox (badness 6268) in paragraph at lines 7177--7177
\T1/ptm/m/n/12 ma-na-ger, je veux que le
 []


Underfull \hbox (badness 1205) in paragraph at lines 7179--7180
\T1/ptm/m/n/12 thon (OCR, FAISS, Sen-ten-ce-
 []


Underfull \hbox (badness 10000) in paragraph at lines 7180--7181
[]|\T1/ptm/m/n/12 - End-point Java : /check-
 []


Underfull \hbox (badness 1102) in paragraph at lines 7181--7182
[]|\T1/ptm/m/n/12 - In-dexa-tion des fi-chiers dans
 []


Underfull \hbox (badness 10000) in paragraph at lines 7188--7189
[]|\T1/ptm/m/n/12 - End-point Java : /detect-
 []


Underfull \hbox (badness 4266) in paragraph at lines 7189--7190
[]|\T1/ptm/m/n/12 - Ser-vice Py-thon : Iso-la-tion
 []


Underfull \hbox (badness 6445) in paragraph at lines 7189--7190
\T1/ptm/m/n/12 Fo-rest sur his-to-rique uti-li-sa-
 []


Underfull \hbox (badness 10000) in paragraph at lines 7190--7191
[]|\T1/ptm/m/n/12 - Ajout des champs
 []


Underfull \hbox (badness 10000) in paragraph at lines 7190--7191
\T1/pcr/m/n/12 isAnomalyDepense\T1/ptm/m/n/12 ,
 []


Underfull \hbox (badness 2452) in paragraph at lines 7197--7198
[]|\T1/ptm/m/n/12 - Ser-vice Py-thon d'ex-trac-tion
 []


Underfull \hbox (badness 1221) in paragraph at lines 7205--7205
\T1/ptm/m/n/12 tËme com-pare au-to-ma-ti-que-
 []


Underfull \hbox (badness 1052) in paragraph at lines 7205--7205
\T1/ptm/m/n/12 laire de note de frais avec
 []


Underfull \hbox (badness 1762) in paragraph at lines 7207--7208
[]|\T1/ptm/m/n/12 - End-point /analyze-full (Java
 []


Underfull \hbox (badness 2698) in paragraph at lines 7207--7208
\T1/ptm/m/n/12 ap-pel-lera le mi-cro-ser-vice Py-
 []


Underfull \hbox (badness 1939) in paragraph at lines 7208--7209
[]|\T1/ptm/m/n/12 - Ser-vice Py-thon : ex-trac-tion
 []


Underfull \hbox (badness 2302) in paragraph at lines 7210--7211
[]|\T1/ptm/m/n/12 - Sto-ckage du rÈ-sul-tat JSON
 []


Underfull \hbox (badness 6220) in paragraph at lines 7215--7215
\T1/ptm/m/n/12 to-ma-ti-que-ment les champs
 []


Underfull \hbox (badness 10000) in paragraph at lines 7218--7219
[]|\T1/ptm/m/n/12 - Fron-tend : af-fi-chage des
 []


Underfull \hbox (badness 1629) in paragraph at lines 7218--7219
\T1/ptm/m/n/12 champs ex-traits et ap-pli-ca-tion
 []


Underfull \hbox (badness 10000) in paragraph at lines 7224--7225
[]|\T1/ptm/m/n/12 - CrÈa-tion du com-po-sant
 []


Underfull \hbox (badness 4048) in paragraph at lines 7225--7226
[]|\T1/ptm/m/n/12 - Gra-phiques : Èvo-lu-tion du
 []


Underfull \hbox (badness 1354) in paragraph at lines 7227--7228
[]|\T1/ptm/m/n/12 - In-tÈ-gra-tion du filtre pÈ-riode
 []


Underfull \hbox (badness 10000) in paragraph at lines 7227--7228
\T1/ptm/m/n/12 (au-jour-d'hui, se-maine, mois,
 []


Underfull \hbox (badness 1603) in paragraph at lines 7231--7231
\T1/ptm/m/n/12 de mon dÈ-par-te-ment, l'Ètat
 []


Underfull \hbox (badness 10000) in paragraph at lines 7233--7234
[]|\T1/ptm/m/n/12 - Com-po-sant
 []


Underfull \hbox (badness 1365) in paragraph at lines 7240--7240
\T1/ptm/m/n/12 notes, mon-tants rem-bour-sÈs
 []


Underfull \hbox (badness 1603) in paragraph at lines 7240--7240
\T1/ptm/m/n/12 par mois, ano-ma-lies dÈ-tec-
 []


Underfull \hbox (badness 10000) in paragraph at lines 7242--7243
[]|\T1/ptm/m/n/12 - Com-po-sant
 []


Underfull \hbox (badness 1590) in paragraph at lines 7243--7244
[]|\T1/ptm/m/n/12 - KPIs : notes en at-tente de
 []


Underfull \hbox (badness 1253) in paragraph at lines 7244--7245
\T1/ptm/m/n/12 fraudes par type, per-for-mance
 []

ignored error: Infinite glue shrinkage found in box being split

Package fancyhdr Warning: \headheight is too small (14.61858pt): 
(fancyhdr)                Make it at least 15.13202pt, for example:
(fancyhdr)                \setlength{\headheight}{15.13202pt}.
(fancyhdr)                You might also make \topmargin smaller:
(fancyhdr)                \addtolength{\topmargin}{-0.51344pt}.


pdfTeX warning (ext4): destination with the same identifier (name{page.115}) ha
s been already used, duplicate ignored
<to be read again> 
                   \relax 
l.7259 \end{longtable}
                       [115

]
ignored error: Infinite glue shrinkage found in box being split

Package fancyhdr Warning: \headheight is too small (14.61858pt): 
(fancyhdr)                Make it at least 15.13202pt, for example:
(fancyhdr)                \setlength{\headheight}{15.13202pt}.
(fancyhdr)                You might also make \topmargin smaller:
(fancyhdr)                \addtolength{\topmargin}{-0.51344pt}.


pdfTeX warning (ext4): destination with the same identifier (name{page.116}) ha
s been already used, duplicate ignored
<to be read again> 
                   \relax 
l.7259 \end{longtable}
                       [116]
ignored error: Infinite glue shrinkage found in box being split

Package fancyhdr Warning: \headheight is too small (14.61858pt): 
(fancyhdr)                Make it at least 15.13202pt, for example:
(fancyhdr)                \setlength{\headheight}{15.13202pt}.
(fancyhdr)                You might also make \topmargin smaller:
(fancyhdr)                \addtolength{\topmargin}{-0.51344pt}.


pdfTeX warning (ext4): destination with the same identifier (name{page.117}) ha
s been already used, duplicate ignored
<to be read again> 
                   \relax 
l.7259 \end{longtable}
                       [117]

Package caption Warning: The option `hypcap=true' will be ignored for this
(caption)                particular \caption on input line 7260.
See the caption package documentation for explanation.

File: usecase_sprint4.png Graphic file (type png)
<use usecase_sprint4.png>
Package pdftex.def Info: usecase_sprint4.png  used on input line 7270.
(pdftex.def)             Requested size: 455.22182pt x 421.6136pt.

Package fancyhdr Warning: \headheight is too small (14.61858pt): 
(fancyhdr)                Make it at least 15.13202pt, for example:
(fancyhdr)                \setlength{\headheight}{15.13202pt}.
(fancyhdr)                You might also make \topmargin smaller:
(fancyhdr)                \addtolength{\topmargin}{-0.51344pt}.


pdfTeX warning (ext4): destination with the same identifier (name{page.118}) ha
s been already used, duplicate ignored
<to be read again> 
                   \relax 
l.7274 
        [118]
Overfull \hbox (4.31679pt too wide) in paragraph at lines 7301--7301
[]|[]| 
 []


Overfull \hbox (10.11275pt too wide) in paragraph at lines 7314--7314
[]|[]| 
 []

ignored error: Infinite glue shrinkage found in box being split

Package fancyhdr Warning: \headheight is too small (14.61858pt): 
(fancyhdr)                Make it at least 15.13202pt, for example:
(fancyhdr)                \setlength{\headheight}{15.13202pt}.
(fancyhdr)                You might also make \topmargin smaller:
(fancyhdr)                \addtolength{\topmargin}{-0.51344pt}.


pdfTeX warning (ext4): destination with the same identifier (name{page.119}) ha
s been already used, duplicate ignored
<to be read again> 
                   \relax 
l.7323 \end{longtable}
                       [119]
ignored error: Infinite glue shrinkage found in box being split

Package fancyhdr Warning: \headheight is too small (14.61858pt): 
(fancyhdr)                Make it at least 15.13202pt, for example:
(fancyhdr)                \setlength{\headheight}{15.13202pt}.
(fancyhdr)                You might also make \topmargin smaller:
(fancyhdr)                \addtolength{\topmargin}{-0.51344pt}.


pdfTeX warning (ext4): destination with the same identifier (name{page.120}) ha
s been already used, duplicate ignored
<to be read again> 
                   \relax 
l.7323 \end{longtable}
                       [120]
Overfull \hbox (4.31679pt too wide) in paragraph at lines 7349--7349
[]|[]| 
 []


Underfull \hbox (badness 10000) in paragraph at lines 7361--7361
[]|\T1/ptm/b/n/12 ScÈnario al-ter-
 []


Package fancyhdr Warning: \headheight is too small (14.61858pt): 
(fancyhdr)                Make it at least 15.13202pt, for example:
(fancyhdr)                \setlength{\headheight}{15.13202pt}.
(fancyhdr)                You might also make \topmargin smaller:
(fancyhdr)                \addtolength{\topmargin}{-0.51344pt}.


pdfTeX warning (ext4): destination with the same identifier (name{page.121}) ha
s been already used, duplicate ignored
<to be read again> 
                   \relax 
l.7372     \item \textbf
                        {Microservice Java (port 8888)} : orchestration des ...
[121]
File: cycle_modif.png Graphic file (type png)
<use cycle_modif.png>
Package pdftex.def Info: cycle_modif.png  used on input line 7383.
(pdftex.def)             Requested size: 409.71692pt x 582.38176pt.


Package fancyhdr Warning: \headheight is too small (14.61858pt): 
(fancyhdr)                Make it at least 15.13202pt, for example:
(fancyhdr)                \setlength{\headheight}{15.13202pt}.
(fancyhdr)                You might also make \topmargin smaller:
(fancyhdr)                \addtolength{\topmargin}{-0.51344pt}.


pdfTeX warning (ext4): destination with the same identifier (name{page.122}) ha
s been already used, duplicate ignored
<to be read again> 
                   \relax 
l.7387 
        [122]
File: class_diagram_sprint4.png Graphic file (type png)
<use class_diagram_sprint4.png>
Package pdftex.def Info: class_diagram_sprint4.png  used on input line 7393.
(pdftex.def)             Requested size: 409.71007pt x 527.08003pt.


Package fancyhdr Warning: \headheight is too small (14.61858pt): 
(fancyhdr)                Make it at least 15.13202pt, for example:
(fancyhdr)                \setlength{\headheight}{15.13202pt}.
(fancyhdr)                You might also make \topmargin smaller:
(fancyhdr)                \addtolength{\topmargin}{-0.51344pt}.


pdfTeX warning (ext4): destination with the same identifier (name{page.123}) ha
s been already used, duplicate ignored
<to be read again> 
                   \relax 
l.7397 
        [123]
File: deploiement_sp4.png Graphic file (type png)
<use deploiement_sp4.png>
Package pdftex.def Info: deploiement_sp4.png  used on input line 7403.
(pdftex.def)             Requested size: 546.22292pt x 376.10759pt.


Package fancyhdr Warning: \headheight is too small (14.61858pt): 
(fancyhdr)                Make it at least 15.13202pt, for example:
(fancyhdr)                \setlength{\headheight}{15.13202pt}.
(fancyhdr)                You might also make \topmargin smaller:
(fancyhdr)                \addtolength{\topmargin}{-0.51344pt}.


pdfTeX warning (ext4): destination with the same identifier (name{page.124}) ha
s been already used, duplicate ignored
<to be read again> 
                   \relax 
l.7407 \subsection
                  {Pourquoi CRISP-DM ?} [124]

! LaTeX Error: Unicode character ‚ÄØ (U+202F)
               not set up for use with LaTeX.

See the LaTeX manual or LaTeX Companion for explanation.
Type  H <return>  for immediate help.
 ...                                              
                                                  
l.7408 ...√† l‚Äôimpl√©mentation d‚Äôun mod√®le‚ÄØ
                                                  : elle n√©cessite une appr...

You may provide a definition with
\DeclareUnicodeCharacter 


! LaTeX Error: Unicode character ‚ÄØ (U+202F)
               not set up for use with LaTeX.

See the LaTeX manual or LaTeX Companion for explanation.
Type  H <return>  for immediate help.
 ...                                              
                                                  
l.7408 ...donn√©es. CRISP-DM a √©t√© retenu car‚ÄØ
                                                  :
You may provide a definition with
\DeclareUnicodeCharacter 


Package fancyhdr Warning: \headheight is too small (14.61858pt): 
(fancyhdr)                Make it at least 15.13202pt, for example:
(fancyhdr)                \setlength{\headheight}{15.13202pt}.
(fancyhdr)                You might also make \topmargin smaller:
(fancyhdr)                \addtolength{\topmargin}{-0.51344pt}.


pdfTeX warning (ext4): destination with the same identifier (name{page.125}) ha
s been already used, duplicate ignored
<to be read again> 
                   \relax 
l.7411     \item S
                  es phases it√©ratives (compr√©hension du m√©tier, des donn...
[125]

! LaTeX Error: Unicode character ‚ÄØ (U+202F)
               not set up for use with LaTeX.

See the LaTeX manual or LaTeX Companion for explanation.
Type  H <return>  for immediate help.
 ...                                              
                                                  
l.7412 ...elle pour d√©finir ce qu‚Äôest une ¬´‚ÄØ
                                                  anomalie‚ÄØ¬ª.
You may provide a definition with
\DeclareUnicodeCharacter 


! LaTeX Error: Unicode character ‚ÄØ (U+202F)
               not set up for use with LaTeX.

See the LaTeX manual or LaTeX Companion for explanation.
Type  H <return>  for immediate help.
 ...                                              
                                                  
l.7412 ...√©finir ce qu‚Äôest une ¬´‚ÄØanomalie‚ÄØ
                                                  ¬ª.
You may provide a definition with
\DeclareUnicodeCharacter 


! LaTeX Error: Unicode character ‚ÄØ (U+202F)
               not set up for use with LaTeX.

See the LaTeX manual or LaTeX Companion for explanation.
Type  H <return>  for immediate help.
 ...                                              
                                                  
l.7415 ...e sur les objectifs m√©tier du sprint‚ÄØ
                                                  4.
You may provide a definition with
\DeclareUnicodeCharacter 


Package fancyhdr Warning: \headheight is too small (14.61858pt): 
(fancyhdr)                Make it at least 15.13202pt, for example:
(fancyhdr)                \setlength{\headheight}{15.13202pt}.
(fancyhdr)                You might also make \topmargin smaller:
(fancyhdr)                \addtolength{\topmargin}{-0.51344pt}.


pdfTeX warning (ext4): destination with the same identifier (name{page.126}) ha
s been already used, duplicate ignored
<to be read again> 
                   \relax 
l.7442     \item \textbf
                        {Justificatifs (factures, accords)} : fichiers PDF, ...
[126]
Underfull \hbox (badness 10000) in paragraph at lines 7459--7459
[]|\T1/ptm/m/n/12 FacilitÈ
 []


Underfull \hbox (badness 10000) in paragraph at lines 7459--7459
\T1/ptm/m/n/12 site confi-gu-ra-
 []


Underfull \hbox (badness 10000) in paragraph at lines 7459--7459
[]|\T1/ptm/m/n/12 Facile (ins-tal-la-
 []


Underfull \hbox (badness 10000) in paragraph at lines 7461--7461
\T1/ptm/m/n/12 multi-langues
 []


Underfull \hbox (badness 10000) in paragraph at lines 7461--7461
[]|\T1/ptm/m/n/12 Bonne, mais
 []


Underfull \hbox (badness 1406) in paragraph at lines 7461--7461
\T1/ptm/m/n/12 moins fiable sur
 []


Underfull \hbox (badness 10000) in paragraph at lines 7461--7462
[]|\T1/ptm/m/n/12 Parfaite pour
 []


Underfull \hbox (badness 10000) in paragraph at lines 7461--7462
\T1/ptm/m/n/12 PDF tex-tuels
 []


Underfull \hbox (badness 10000) in paragraph at lines 7461--7462
\T1/ptm/m/n/12 (ex-trac-tion du
 []


Underfull \hbox (badness 5316) in paragraph at lines 7461--7462
\T1/ptm/m/n/12 texte na-tif sans
 []


Underfull \hbox (badness 10000) in paragraph at lines 7467--7467
[]|\T1/ptm/m/n/12 Lourd en mÈ-
 []


Underfull \hbox (badness 10000) in paragraph at lines 7467--7467
\T1/ptm/m/n/12 moire, nÈ-ces-site
 []


Underfull \hbox (badness 10000) in paragraph at lines 7467--7468
[]|\T1/ptm/m/n/12 Ne fonc-tionne
 []


Underfull \hbox (badness 10000) in paragraph at lines 7467--7468
\T1/ptm/m/n/12 pas sur PDF
 []


Package fancyhdr Warning: \headheight is too small (14.61858pt): 
(fancyhdr)                Make it at least 15.13202pt, for example:
(fancyhdr)                \setlength{\headheight}{15.13202pt}.
(fancyhdr)                You might also make \topmargin smaller:
(fancyhdr)                \addtolength{\topmargin}{-0.51344pt}.


pdfTeX warning (ext4): destination with the same identifier (name{page.127}) ha
s been already used, duplicate ignored
<to be read again> 
                   \relax 
l.7479     \item \textbf
                        {Structuration par LLM} : le texte brut extrait est ...
[127]
Underfull \hbox (badness 1342) in paragraph at lines 7481--7482
[]\T1/ptm/b/n/12 Stockage \T1/ptm/m/n/12 : les rÈ-sul-tats d'ex-trac-tion et d'
ana-lyse sont conser-vÈs dans les tables
 []


Underfull \hbox (badness 2884) in paragraph at lines 7481--7482
\T1/pcr/m/n/12 expense_extractions\T1/ptm/m/n/12 , \T1/pcr/m/n/12 expense_note_
extractions \T1/ptm/m/n/12 ainsi que dans le
 []

File: paddle_ocr.png Graphic file (type png)
<use paddle_ocr.png>
Package pdftex.def Info: paddle_ocr.png  used on input line 7491.
(pdftex.def)             Requested size: 318.66948pt x 424.8832pt.
File: paddle_ocr2.png Graphic file (type png)
<use paddle_ocr2.png>
Package pdftex.def Info: paddle_ocr2.png  used on input line 7498.
(pdftex.def)             Requested size: 318.67569pt x 351.38797pt.

Package fancyhdr Warning: \headheight is too small (14.61858pt): 
(fancyhdr)                Make it at least 15.13202pt, for example:
(fancyhdr)                \setlength{\headheight}{15.13202pt}.
(fancyhdr)                You might also make \topmargin smaller:
(fancyhdr)                \addtolength{\topmargin}{-0.51344pt}.


pdfTeX warning (ext4): destination with the same identifier (name{page.128}) ha
s been already used, duplicate ignored
<to be read again> 
                   \relax 
l.7501         \end{figure}
                            [128]

Package fancyhdr Warning: \headheight is too small (14.61858pt): 
(fancyhdr)                Make it at least 15.13202pt, for example:
(fancyhdr)                \setlength{\headheight}{15.13202pt}.
(fancyhdr)                You might also make \topmargin smaller:
(fancyhdr)                \addtolength{\topmargin}{-0.51344pt}.


pdfTeX warning (ext4): destination with the same identifier (name{page.129}) ha
s been already used, duplicate ignored
<to be read again> 
                   \relax 
l.7503 \newpage
                [129]
File: tesseract.png Graphic file (type png)
<use tesseract.png>
Package pdftex.def Info: tesseract.png  used on input line 7507.
(pdftex.def)             Requested size: 318.66948pt x 450.8042pt.


Package fancyhdr Warning: \headheight is too small (14.61858pt): 
(fancyhdr)                Make it at least 15.13202pt, for example:
(fancyhdr)                \setlength{\headheight}{15.13202pt}.
(fancyhdr)                You might also make \topmargin smaller:
(fancyhdr)                \addtolength{\topmargin}{-0.51344pt}.


pdfTeX warning (ext4): destination with the same identifier (name{page.130}) ha
s been already used, duplicate ignored
<to be read again> 
                   \relax 
l.7513 \newpage
                [130]
File: anomaly_distribution.png Graphic file (type png)
<use anomaly_distribution.png>
Package pdftex.def Info: anomaly_distribution.png  used on input line 7552.
(pdftex.def)             Requested size: 418.81061pt x 281.10376pt.


Package fancyhdr Warning: \headheight is too small (14.61858pt): 
(fancyhdr)                Make it at least 15.13202pt, for example:
(fancyhdr)                \setlength{\headheight}{15.13202pt}.
(fancyhdr)                You might also make \topmargin smaller:
(fancyhdr)                \addtolength{\topmargin}{-0.51344pt}.


pdfTeX warning (ext4): destination with the same identifier (name{page.131}) ha
s been already used, duplicate ignored
<to be read again> 
                   \relax 
l.7559 
        [131]
File: text_cleaner.png Graphic file (type png)
<use text_cleaner.png>
Package pdftex.def Info: text_cleaner.png  used on input line 7577.
(pdftex.def)             Requested size: 364.19667pt x 135.4912pt.

Underfull \hbox (badness 1502) in paragraph at lines 7583--7584
[]\T1/ptm/m/n/12 Pour chaque jus-ti-fi-ca-tif, le texte net-toyÈ est en-codÈ en
 vec-teur de 384 di-men-sions ‡
 []


Package fancyhdr Warning: \headheight is too small (14.61858pt): 
(fancyhdr)                Make it at least 15.13202pt, for example:
(fancyhdr)                \setlength{\headheight}{15.13202pt}.
(fancyhdr)                You might also make \topmargin smaller:
(fancyhdr)                \addtolength{\topmargin}{-0.51344pt}.


pdfTeX warning (ext4): destination with the same identifier (name{page.132}) ha
s been already used, duplicate ignored
<to be read again> 
                   \relax 
l.7585 L
        ors de l'upload d'un nouveau document, nous calculons son embedding ...
[132]
File: add_to_index.png Graphic file (type png)
<use add_to_index.png>
Package pdftex.def Info: add_to_index.png  used on input line 7589.
(pdftex.def)             Requested size: 364.19667pt x 142.35843pt.
File: get_user_category.png Graphic file (type png)
<use get_user_category.png>
Package pdftex.def Info: get_user_category.png  used on input line 7599.
(pdftex.def)             Requested size: 318.66948pt x 128.42175pt.
File: accord_json.png Graphic file (type png)
<use accord_json.png>
Package pdftex.def Info: accord_json.png  used on input line 7613.
(pdftex.def)             Requested size: 409.71692pt x 267.23363pt.


Package fancyhdr Warning: \headheight is too small (14.61858pt): 
(fancyhdr)                Make it at least 15.13202pt, for example:
(fancyhdr)                \setlength{\headheight}{15.13202pt}.
(fancyhdr)                You might also make \topmargin smaller:
(fancyhdr)                \addtolength{\topmargin}{-0.51344pt}.


pdfTeX warning (ext4): destination with the same identifier (name{page.133}) ha
s been already used, duplicate ignored
<to be read again> 
                   \relax 
l.7617 
        [133]
Underfull \hbox (badness 1199) in paragraph at lines 7619--7621
[]\T1/ptm/m/n/12 Le for-mu-laire An-gu-lar contient des champs cor-res-pon-dant
 ‡ l'ac-cord. Dans le ser-vice
 []

File: compare.png Graphic file (type png)
<use compare.png>
Package pdftex.def Info: compare.png  used on input line 7628.
(pdftex.def)             Requested size: 386.96027pt x 150.57211pt.

Package fancyhdr Warning: \headheight is too small (14.61858pt): 
(fancyhdr)                Make it at least 15.13202pt, for example:
(fancyhdr)                \setlength{\headheight}{15.13202pt}.
(fancyhdr)                You might also make \topmargin smaller:
(fancyhdr)                \addtolength{\topmargin}{-0.51344pt}.


pdfTeX warning (ext4): destination with the same identifier (name{page.134}) ha
s been already used, duplicate ignored
<to be read again> 
                   \relax 
l.7642     \item \textbf
                        {OCR (Optical Character Recognition)} : technologie ...
[134]
File: logo_hash.png Graphic file (type png)
<use logo_hash.png>
Package pdftex.def Info: logo_hash.png  used on input line 7658.
(pdftex.def)             Requested size: 109.2601pt x 109.25948pt.
File: logo_bert.png Graphic file (type png)
<use logo_bert.png>
Package pdftex.def Info: logo_bert.png  used on input line 7669.
(pdftex.def)             Requested size: 109.2601pt x 109.25163pt.


Package fancyhdr Warning: \headheight is too small (14.61858pt): 
(fancyhdr)                Make it at least 15.13202pt, for example:
(fancyhdr)                \setlength{\headheight}{15.13202pt}.
(fancyhdr)                You might also make \topmargin smaller:
(fancyhdr)                \addtolength{\topmargin}{-0.51344pt}.


pdfTeX warning (ext4): destination with the same identifier (name{page.135}) ha
s been already used, duplicate ignored
<to be read again> 
                   \relax 
l.7678 \begin{minipage}{0.3\textwidth}
                                       [135]
File: logo_faiss.png Graphic file (type png)
<use logo_faiss.png>
Package pdftex.def Info: logo_faiss.png  used on input line 7680.
(pdftex.def)             Requested size: 109.2601pt x 54.62581pt.
File: cm_hash.png Graphic file (type png)
<use cm_hash.png>
Package pdftex.def Info: cm_hash.png  used on input line 7695.
(pdftex.def)             Requested size: 204.85844pt x 175.70107pt.
File: cm_bert.png Graphic file (type png)
<use cm_bert.png>
Package pdftex.def Info: cm_bert.png  used on input line 7702.
(pdftex.def)             Requested size: 204.85844pt x 175.70276pt.
File: cm_faiss.png Graphic file (type png)
<use cm_faiss.png>
Package pdftex.def Info: cm_faiss.png  used on input line 7710.
(pdftex.def)             Requested size: 227.62779pt x 175.69673pt.


Package fancyhdr Warning: \headheight is too small (14.61858pt): 
(fancyhdr)                Make it at least 15.13202pt, for example:
(fancyhdr)                \setlength{\headheight}{15.13202pt}.
(fancyhdr)                You might also make \topmargin smaller:
(fancyhdr)                \addtolength{\topmargin}{-0.51344pt}.


pdfTeX warning (ext4): destination with the same identifier (name{page.136}) ha
s been already used, duplicate ignored
<to be read again> 
                   \relax 
l.7714 
        [136]
File: f1_score_doublons.png Graphic file (type png)
<use f1_score_doublons.png>
Package pdftex.def Info: f1_score_doublons.png  used on input line 7734.
(pdftex.def)             Requested size: 318.66948pt x 201.64166pt.
File: logo_mistral.png Graphic file (type png)
<use logo_mistral.png>
Package pdftex.def Info: logo_mistral.png  used on input line 7744.
(pdftex.def)             Requested size: 109.2601pt x 69.98877pt.


Package fancyhdr Warning: \headheight is too small (14.61858pt): 
(fancyhdr)                Make it at least 15.13202pt, for example:
(fancyhdr)                \setlength{\headheight}{15.13202pt}.
(fancyhdr)                You might also make \topmargin smaller:
(fancyhdr)                \addtolength{\topmargin}{-0.51344pt}.


pdfTeX warning (ext4): destination with the same identifier (name{page.137}) ha
s been already used, duplicate ignored
<to be read again> 
                   \relax 
l.7753 \begin{minipage}{0.3\textwidth}
                                       [137]
File: logo_gemma.png Graphic file (type png)
<use logo_gemma.png>
Package pdftex.def Info: logo_gemma.png  used on input line 7755.
(pdftex.def)             Requested size: 109.2601pt x 109.25494pt.
File: logo_llama.png Graphic file (type png)
<use logo_llama.png>
Package pdftex.def Info: logo_llama.png  used on input line 7766.
(pdftex.def)             Requested size: 109.2601pt x 61.18533pt.
File: cm_mistral.png Graphic file (type png)
<use cm_mistral.png>
Package pdftex.def Info: cm_mistral.png  used on input line 7782.
(pdftex.def)             Requested size: 204.8585pt x 175.6985pt.
File: cm_gemma.png Graphic file (type png)
<use cm_gemma.png>
Package pdftex.def Info: cm_gemma.png  used on input line 7789.
(pdftex.def)             Requested size: 204.86304pt x 175.69452pt.
File: cm_llama.png Graphic file (type png)
<use cm_llama.png>
Package pdftex.def Info: cm_llama.png  used on input line 7797.
(pdftex.def)             Requested size: 227.62247pt x 175.6985pt.


Package fancyhdr Warning: \headheight is too small (14.61858pt): 
(fancyhdr)                Make it at least 15.13202pt, for example:
(fancyhdr)                \setlength{\headheight}{15.13202pt}.
(fancyhdr)                You might also make \topmargin smaller:
(fancyhdr)                \addtolength{\topmargin}{-0.51344pt}.


pdfTeX warning (ext4): destination with the same identifier (name{page.138}) ha
s been already used, duplicate ignored
<to be read again> 
                   \relax 
l.7801 
        [138]
File: radar_llm.png Graphic file (type png)
<use radar_llm.png>
Package pdftex.def Info: radar_llm.png  used on input line 7821.
(pdftex.def)             Requested size: 318.66948pt x 292.31691pt.


Package fancyhdr Warning: \headheight is too small (14.61858pt): 
(fancyhdr)                Make it at least 15.13202pt, for example:
(fancyhdr)                \setlength{\headheight}{15.13202pt}.
(fancyhdr)                You might also make \topmargin smaller:
(fancyhdr)                \addtolength{\topmargin}{-0.51344pt}.


pdfTeX warning (ext4): destination with the same identifier (name{page.139}) ha
s been already used, duplicate ignored
<to be read again> 
                   \relax 
l.7831 \subsubsection
                     {Ajustements post-√©valuation (am√©liorations)} [139]
File: architecture_ia.png Graphic file (type png)
<use architecture_ia.png>
Package pdftex.def Info: architecture_ia.png  used on input line 7855.
(pdftex.def)             Requested size: 409.71692pt x 227.1302pt.


Package fancyhdr Warning: \headheight is too small (14.61858pt): 
(fancyhdr)                Make it at least 15.13202pt, for example:
(fancyhdr)                \setlength{\headheight}{15.13202pt}.
(fancyhdr)                You might also make \topmargin smaller:
(fancyhdr)                \addtolength{\topmargin}{-0.51344pt}.


pdfTeX warning (ext4): destination with the same identifier (name{page.140}) ha
s been already used, duplicate ignored
<to be read again> 
                   \relax 
l.7859 
        [140]
File: code_sauvegarde_faiss.png Graphic file (type png)
<use code_sauvegarde_faiss.png>
Package pdftex.def Info: code_sauvegarde_faiss.png  used on input line 7876.
(pdftex.def)             Requested size: 455.24411pt x 68.57504pt.


Package fancyhdr Warning: \headheight is too small (14.61858pt): 
(fancyhdr)                Make it at least 15.13202pt, for example:
(fancyhdr)                \setlength{\headheight}{15.13202pt}.
(fancyhdr)                You might also make \topmargin smaller:
(fancyhdr)                \addtolength{\topmargin}{-0.51344pt}.


pdfTeX warning (ext4): destination with the same identifier (name{page.141}) ha
s been already used, duplicate ignored
<to be read again> 
                   \relax 
l.7885 
        [141]
File: duplicate_alert.png Graphic file (type png)
<use duplicate_alert.png>
Package pdftex.def Info: duplicate_alert.png  used on input line 7888.
(pdftex.def)             Requested size: 455.24411pt x 243.2674pt.
File: anomaly_detection_line.png Graphic file (type png)
<use anomaly_detection_line.png>
Package pdftex.def Info: anomaly_detection_line.png  used on input line 7898.
(pdftex.def)             Requested size: 455.24411pt x 244.45055pt.


Package fancyhdr Warning: \headheight is too small (14.61858pt): 
(fancyhdr)                Make it at least 15.13202pt, for example:
(fancyhdr)                \setlength{\headheight}{15.13202pt}.
(fancyhdr)                You might also make \topmargin smaller:
(fancyhdr)                \addtolength{\topmargin}{-0.51344pt}.


pdfTeX warning (ext4): destination with the same identifier (name{page.142}) ha
s been already used, duplicate ignored
<to be read again> 
                   \relax 
l.7902 
        [142]
File: auto_fill_fields_avant.png Graphic file (type png)
<use auto_fill_fields_avant.png>
Package pdftex.def Info: auto_fill_fields_avant.png  used on input line 7908.
(pdftex.def)             Requested size: 455.24411pt x 244.92712pt.
File: auto_fill_fields_apr√©s.png Graphic file (type png)
<use auto_fill_fields_apr√©s.png>
Package pdftex.def Info: auto_fill_fields_apr√©s.png  used on input line 7914.
(pdftex.def)             Requested size: 455.24411pt x 244.69002pt.


Package fancyhdr Warning: \headheight is too small (14.61858pt): 
(fancyhdr)                Make it at least 15.13202pt, for example:
(fancyhdr)                \setlength{\headheight}{15.13202pt}.
(fancyhdr)                You might also make \topmargin smaller:
(fancyhdr)                \addtolength{\topmargin}{-0.51344pt}.


pdfTeX warning (ext4): destination with the same identifier (name{page.143}) ha
s been already used, duplicate ignored
<to be read again> 
                   \relax 
l.7918 
        [143]
File: accord_analysis.png Graphic file (type png)
<use accord_analysis.png>
Package pdftex.def Info: accord_analysis.png  used on input line 7929.
(pdftex.def)             Requested size: 455.24411pt x 244.69002pt.


Package fancyhdr Warning: \headheight is too small (14.61858pt): 
(fancyhdr)                Make it at least 15.13202pt, for example:
(fancyhdr)                \setlength{\headheight}{15.13202pt}.
(fancyhdr)                You might also make \topmargin smaller:
(fancyhdr)                \addtolength{\topmargin}{-0.51344pt}.


pdfTeX warning (ext4): destination with the same identifier (name{page.144}) ha
s been already used, duplicate ignored
<to be read again> 
                   \relax 
l.7933 \subparagraph
                    {$\bullet$Validation de la facture (popup de d√©tail)}
[144]
File: receipt_validation.png Graphic file (type png)
<use receipt_validation.png>
Package pdftex.def Info: receipt_validation.png  used on input line 7940.
(pdftex.def)             Requested size: 455.24411pt x 244.21344pt.


Package fancyhdr Warning: \headheight is too small (14.61858pt): 
(fancyhdr)                Make it at least 15.13202pt, for example:
(fancyhdr)                \setlength{\headheight}{15.13202pt}.
(fancyhdr)                You might also make \topmargin smaller:
(fancyhdr)                \addtolength{\topmargin}{-0.51344pt}.


pdfTeX warning (ext4): destination with the same identifier (name{page.145}) ha
s been already used, duplicate ignored
<to be read again> 
                   \relax 
l.7947 
        [145]
File: chatbot/chatbot_patterns.png Graphic file (type png)
<use chatbot/chatbot_patterns.png>
Package pdftex.def Info: chatbot/chatbot_patterns.png  used on input line 7967.

(pdftex.def)             Requested size: 455.24411pt x 251.42336pt.


Package fancyhdr Warning: \headheight is too small (14.61858pt): 
(fancyhdr)                Make it at least 15.13202pt, for example:
(fancyhdr)                \setlength{\headheight}{15.13202pt}.
(fancyhdr)                You might also make \topmargin smaller:
(fancyhdr)                \addtolength{\topmargin}{-0.51344pt}.


pdfTeX warning (ext4): destination with the same identifier (name{page.146}) ha
s been already used, duplicate ignored
<to be read again> 
                   \relax 
l.7971 
        [146]
File: chatbot/chatbot_prompt.png Graphic file (type png)
<use chatbot/chatbot_prompt.png>
Package pdftex.def Info: chatbot/chatbot_prompt.png  used on input line 7983.
(pdftex.def)             Requested size: 455.24411pt x 287.15556pt.


Package fancyhdr Warning: \headheight is too small (14.61858pt): 
(fancyhdr)                Make it at least 15.13202pt, for example:
(fancyhdr)                \setlength{\headheight}{15.13202pt}.
(fancyhdr)                You might also make \topmargin smaller:
(fancyhdr)                \addtolength{\topmargin}{-0.51344pt}.


pdfTeX warning (ext4): destination with the same identifier (name{page.147}) ha
s been already used, duplicate ignored
<to be read again> 
                   \relax 
l.7987 
        [147]
File: chatbot/chatbot_session.png Graphic file (type png)
<use chatbot/chatbot_session.png>
Package pdftex.def Info: chatbot/chatbot_session.png  used on input line 8012.
(pdftex.def)             Requested size: 455.24411pt x 203.88121pt.


Package fancyhdr Warning: \headheight is too small (14.61858pt): 
(fancyhdr)                Make it at least 15.13202pt, for example:
(fancyhdr)                \setlength{\headheight}{15.13202pt}.
(fancyhdr)                You might also make \topmargin smaller:
(fancyhdr)                \addtolength{\topmargin}{-0.51344pt}.


pdfTeX warning (ext4): destination with the same identifier (name{page.148}) ha
s been already used, duplicate ignored
<to be read again> 
                   \relax 
l.8016 
        [148]
File: chatbot/chatbot_routing.png Graphic file (type png)
<use chatbot/chatbot_routing.png>
Package pdftex.def Info: chatbot/chatbot_routing.png  used on input line 8023.
(pdftex.def)             Requested size: 455.24411pt x 326.1628pt.
LaTeX Info: Symbol \textrightarrow not provided by
            font family ptm in TS1 encoding.
            Default family used instead on input line 8029.
LaTeX Info: Symbol \textrightarrow not provided by
            font family ptm in TS1 encoding.
            Default family used instead on input line 8030.


Package fancyhdr Warning: \headheight is too small (14.61858pt): 
(fancyhdr)                Make it at least 15.13202pt, for example:
(fancyhdr)                \setlength{\headheight}{15.13202pt}.
(fancyhdr)                You might also make \topmargin smaller:
(fancyhdr)                \addtolength{\topmargin}{-0.51344pt}.


pdfTeX warning (ext4): destination with the same identifier (name{page.149}) ha
s been already used, duplicate ignored
<to be read again> 
                   \relax 
l.8031     \item L
                  es questions simples (confiance > 60\%) ‚Üí chatbot simple
[149]
LaTeX Info: Symbol \textrightarrow not provided by
            font family ptm in TS1 encoding.
            Default family used instead on input line 8031.
LaTeX Info: Symbol \textrightarrow not provided by
            font family ptm in TS1 encoding.
            Default family used instead on input line 8032.
File: chatbot.png Graphic file (type png)
<use chatbot.png>
Package pdftex.def Info: chatbot.png  used on input line 8039.
(pdftex.def)             Requested size: 409.71924pt x 562.22826pt.


Package fancyhdr Warning: \headheight is too small (14.61858pt): 
(fancyhdr)                Make it at least 15.13202pt, for example:
(fancyhdr)                \setlength{\headheight}{15.13202pt}.
(fancyhdr)                You might also make \topmargin smaller:
(fancyhdr)                \addtolength{\topmargin}{-0.51344pt}.


pdfTeX warning (ext4): destination with the same identifier (name{page.150}) ha
s been already used, duplicate ignored
<to be read again> 
                   \relax 
l.8043 \newpage
                [150]
File: chatbot_interface.png Graphic file (type png)
<use chatbot_interface.png>
Package pdftex.def Info: chatbot_interface.png  used on input line 8048.
(pdftex.def)             Requested size: 455.24411pt x 244.68765pt.
File: dashboard-emp/Suite_1.png Graphic file (type png)
<use dashboard-emp/Suite_1.png>
Package pdftex.def Info: dashboard-emp/Suite_1.png  used on input line 8068.
(pdftex.def)             Requested size: 455.24411pt x 241.37057pt.
File: dashboard-emp/Suite_2.png Graphic file (type png)
<use dashboard-emp/Suite_2.png>
Package pdftex.def Info: dashboard-emp/Suite_2.png  used on input line 8074.
(pdftex.def)             Requested size: 455.24411pt x 243.2674pt.


Package fancyhdr Warning: \headheight is too small (14.61858pt): 
(fancyhdr)                Make it at least 15.13202pt, for example:
(fancyhdr)                \setlength{\headheight}{15.13202pt}.
(fancyhdr)                You might also make \topmargin smaller:
(fancyhdr)                \addtolength{\topmargin}{-0.51344pt}.


pdfTeX warning (ext4): destination with the same identifier (name{page.151}) ha
s been already used, duplicate ignored
<to be read again> 
                   \relax 
l.8077 \end{figure}
                    [151]
File: dashboard-emp/Suite_3.png Graphic file (type png)
<use dashboard-emp/Suite_3.png>
Package pdftex.def Info: dashboard-emp/Suite_3.png  used on input line 8080.
(pdftex.def)             Requested size: 455.24411pt x 245.40132pt.
File: dashboard-emp/Suite_4.png Graphic file (type png)
<use dashboard-emp/Suite_4.png>
Package pdftex.def Info: dashboard-emp/Suite_4.png  used on input line 8086.
(pdftex.def)             Requested size: 455.24411pt x 242.55609pt.


Package fancyhdr Warning: \headheight is too small (14.61858pt): 
(fancyhdr)                Make it at least 15.13202pt, for example:
(fancyhdr)                \setlength{\headheight}{15.13202pt}.
(fancyhdr)                You might also make \topmargin smaller:
(fancyhdr)                \addtolength{\topmargin}{-0.51344pt}.


pdfTeX warning (ext4): destination with the same identifier (name{page.152}) ha
s been already used, duplicate ignored
<to be read again> 
                   \relax 
l.8089 \end{figure}
                    [152]

Package fancyhdr Warning: \headheight is too small (14.61858pt): 
(fancyhdr)                Make it at least 15.13202pt, for example:
(fancyhdr)                \setlength{\headheight}{15.13202pt}.
(fancyhdr)                You might also make \topmargin smaller:
(fancyhdr)                \addtolength{\topmargin}{-0.51344pt}.


pdfTeX warning (ext4): destination with the same identifier (name{page.153}) ha
s been already used, duplicate ignored
<to be read again> 
                   \relax 
l.8097     \item R
                  √©partition des statuts (camembert). [153]
File: dashboard-manager/Suite_1.png Graphic file (type png)
<use dashboard-manager/Suite_1.png>
Package pdftex.def Info: dashboard-manager/Suite_1.png  used on input line 8105
.
(pdftex.def)             Requested size: 455.24411pt x 243.2674pt.
File: dashboard-manager/Suite_2.png Graphic file (type png)
<use dashboard-manager/Suite_2.png>
Package pdftex.def Info: dashboard-manager/Suite_2.png  used on input line 8111
.
(pdftex.def)             Requested size: 455.24411pt x 242.0819pt.
File: dashboard-manager/Suite_3.png Graphic file (type png)
<use dashboard-manager/Suite_3.png>
Package pdftex.def Info: dashboard-manager/Suite_3.png  used on input line 8117
.
(pdftex.def)             Requested size: 455.24411pt x 242.55609pt.


Package fancyhdr Warning: \headheight is too small (14.61858pt): 
(fancyhdr)                Make it at least 15.13202pt, for example:
(fancyhdr)                \setlength{\headheight}{15.13202pt}.
(fancyhdr)                You might also make \topmargin smaller:
(fancyhdr)                \addtolength{\topmargin}{-0.51344pt}.


pdfTeX warning (ext4): destination with the same identifier (name{page.154}) ha
s been already used, duplicate ignored
<to be read again> 
                   \relax 
l.8120 \end{figure}
                    [154]
File: dashboard-manager/Suite_4.png Graphic file (type png)
<use dashboard-manager/Suite_4.png>
Package pdftex.def Info: dashboard-manager/Suite_4.png  used on input line 8123
.
(pdftex.def)             Requested size: 455.24411pt x 243.2674pt.
File: dashboard-manager/Suite_5.png Graphic file (type png)
<use dashboard-manager/Suite_5.png>
Package pdftex.def Info: dashboard-manager/Suite_5.png  used on input line 8129
.
(pdftex.def)             Requested size: 455.24411pt x 242.0819pt.


Package fancyhdr Warning: \headheight is too small (14.61858pt): 
(fancyhdr)                Make it at least 15.13202pt, for example:
(fancyhdr)                \setlength{\headheight}{15.13202pt}.
(fancyhdr)                You might also make \topmargin smaller:
(fancyhdr)                \addtolength{\topmargin}{-0.51344pt}.


pdfTeX warning (ext4): destination with the same identifier (name{page.155}) ha
s been already used, duplicate ignored
<to be read again> 
                   \relax 
l.8132 \end{figure}
                    [155]
File: dashboard-manager/Suite_6.png Graphic file (type png)
<use dashboard-manager/Suite_6.png>
Package pdftex.def Info: dashboard-manager/Suite_6.png  used on input line 8135
.
(pdftex.def)             Requested size: 455.24411pt x 241.37057pt.


Package fancyhdr Warning: \headheight is too small (14.61858pt): 
(fancyhdr)                Make it at least 15.13202pt, for example:
(fancyhdr)                \setlength{\headheight}{15.13202pt}.
(fancyhdr)                You might also make \topmargin smaller:
(fancyhdr)                \addtolength{\topmargin}{-0.51344pt}.


pdfTeX warning (ext4): destination with the same identifier (name{page.156}) ha
s been already used, duplicate ignored
<to be read again> 
                   \relax 
l.8139 
        [156]
File: dashboard-admin/Suite_1.png Graphic file (type png)
<use dashboard-admin/Suite_1.png>
Package pdftex.def Info: dashboard-admin/Suite_1.png  used on input line 8158.
(pdftex.def)             Requested size: 455.24411pt x 243.9787pt.
File: dashboard-admin/Suite_2.png Graphic file (type png)
<use dashboard-admin/Suite_2.png>
Package pdftex.def Info: dashboard-admin/Suite_2.png  used on input line 8164.
(pdftex.def)             Requested size: 455.24411pt x 243.2674pt.


Package fancyhdr Warning: \headheight is too small (14.61858pt): 
(fancyhdr)                Make it at least 15.13202pt, for example:
(fancyhdr)                \setlength{\headheight}{15.13202pt}.
(fancyhdr)                You might also make \topmargin smaller:
(fancyhdr)                \addtolength{\topmargin}{-0.51344pt}.


pdfTeX warning (ext4): destination with the same identifier (name{page.157}) ha
s been already used, duplicate ignored
<to be read again> 
                   \relax 
l.8167 \end{figure}
                    [157]
File: dashboard-admin/Suite_3.png Graphic file (type png)
<use dashboard-admin/Suite_3.png>
Package pdftex.def Info: dashboard-admin/Suite_3.png  used on input line 8170.
(pdftex.def)             Requested size: 455.24411pt x 243.9787pt.
File: dashboard-admin/Suite_4.png Graphic file (type png)
<use dashboard-admin/Suite_4.png>
Package pdftex.def Info: dashboard-admin/Suite_4.png  used on input line 8176.
(pdftex.def)             Requested size: 455.24411pt x 243.74161pt.


Package fancyhdr Warning: \headheight is too small (14.61858pt): 
(fancyhdr)                Make it at least 15.13202pt, for example:
(fancyhdr)                \setlength{\headheight}{15.13202pt}.
(fancyhdr)                You might also make \topmargin smaller:
(fancyhdr)                \addtolength{\topmargin}{-0.51344pt}.


pdfTeX warning (ext4): destination with the same identifier (name{page.158}) ha
s been already used, duplicate ignored
<to be read again> 
                   \relax 
l.8179 \end{figure}
                    [158]

Package fancyhdr Warning: \headheight is too small (14.61858pt): 
(fancyhdr)                Make it at least 15.13202pt, for example:
(fancyhdr)                \setlength{\headheight}{15.13202pt}.
(fancyhdr)                You might also make \topmargin smaller:
(fancyhdr)                \addtolength{\topmargin}{-0.51344pt}.


pdfTeX warning (ext4): destination with the same identifier (name{page.159}) ha
s been already used, duplicate ignored
<to be read again> 
                   \relax 
l.8180 \newpage
                [159]

Package fancyhdr Warning: \headheight is too small (14.61858pt): 
(fancyhdr)                Make it at least 15.13202pt, for example:
(fancyhdr)                \setlength{\headheight}{15.13202pt}.
(fancyhdr)                You might also make \topmargin smaller:
(fancyhdr)                \addtolength{\topmargin}{-0.51344pt}.


pdfTeX warning (ext4): destination with the same identifier (name{page.160}) ha
s been already used, duplicate ignored
<to be read again> 
                   \relax 
l.8183 \chapter
               *{Conclusion G√©n√©rale} [160]
pdfTeX warning (ext4): destination with the same identifier (name{page.161}) ha
s been already used, duplicate ignored
<to be read again> 
                   \relax 
l.8204 \begin{thebibliography}{99}
                                   [161

]
pdfTeX warning (ext4): destination with the same identifier (name{page.162}) ha
s been already used, duplicate ignored
<to be read again> 
                   \relax 
l.8240 \bibitem{tesseract}
                           Google, \textit{Tesseract OCR Documentation}, [En...
[162

]
Underfull \hbox (badness 1292) in paragraph at lines 8266--8267
[]\T1/ptm/m/n/12 Google, \T1/ptm/m/it/12 An-gu-lar Fra-me-work Do-cu-men-ta-tio
n\T1/ptm/m/n/12 , [En ligne], Dis-po-nible : []$\T1/pcr/m/n/12 https : / /
 []


Underfull \hbox (badness 3009) in paragraph at lines 8267--8268
[]\T1/ptm/m/n/12 Microsoft, \T1/ptm/m/it/12 Ty-peS-cript Do-cu-men-ta-tion\T1/p
tm/m/n/12 , [En ligne], Dis-po-nible : []$\T1/pcr/m/n/12 https : / / www .
 []


Underfull \hbox (badness 5622) in paragraph at lines 8268--8269
[]\T1/ptm/m/n/12 Keycloak, \T1/ptm/m/it/12 Key-cloak Do-cu-men-ta-tion\T1/ptm/m
/n/12 , [En ligne], Dis-po-nible : []$\T1/pcr/m/n/12 https : / / www .
 []


pdfTeX warning (ext4): destination with the same identifier (name{page.163}) ha
s been already used, duplicate ignored
<to be read again> 
                   \relax 
l.8270 
        [163]
pdfTeX warning (ext4): destination with the same identifier (name{page.164}) ha
s been already used, duplicate ignored
<to be read again> 
                   \relax 
l.8273 \clearpage
                  [164]
pdfTeX warning (ext4): destination with the same identifier (name{page.165}) ha
s been already used, duplicate ignored
<to be read again> 
                   \relax 
l.8298 \end{document}
                      [165

] (main.aux)
 ***********
LaTeX2e <2025-11-01>
L3 programming layer <2025-12-24>
 ***********


LaTeX Warning: There were multiply-defined labels.


Package rerunfilecheck Warning: File `main.out' has changed.
(rerunfilecheck)                Rerun to get outlines right
(rerunfilecheck)                or use package `bookmark'.

Package rerunfilecheck Info: Checksums for `main.out':
(rerunfilecheck)             Before: 80559251A3EE1F4CA4504040342B7878;87675
(rerunfilecheck)             After:  A738A65B34F889A15D9D6AD10EA7C823;88024.
 )
(\end occurred inside a group at level 1)

### semi simple group (level 1) entered at line 4342 (\begingroup)
### bottom level 
Here is how much of TeX's memory you used:
 37505 strings out of 467871
 860852 string characters out of 5418377
 1446638 words of memory out of 5000000
 64578 multiletter control sequences out of 15000+600000
 668234 words of font info for 79 fonts, out of 8000000 for 9000
 1141 hyphenation exceptions out of 8191
 84i,13n,104p,977b,858s stack positions out of 10000i,1000n,20000p,200000b,200000s

pdfTeX warning (dest): name{table.caption.396} has been referenced but does not
 exist, replaced by a fixed one


pdfTeX warning (dest): name{table.caption.390} has been referenced but does not
 exist, replaced by a fixed one


pdfTeX warning (dest): name{table.caption.379} has been referenced but does not
 exist, replaced by a fixed one


pdfTeX warning (dest): name{table.caption.375} has been referenced but does not
 exist, replaced by a fixed one


pdfTeX warning (dest): name{table.caption.298} has been referenced but does not
 exist, replaced by a fixed one


pdfTeX warning (dest): name{table.caption.290} has been referenced but does not
 exist, replaced by a fixed one


pdfTeX warning (dest): name{table.caption.256} has been referenced but does not
 exist, replaced by a fixed one


pdfTeX warning (dest): name{table.caption.210} has been referenced but does not
 exist, replaced by a fixed one


pdfTeX warning (dest): name{table.caption.204} has been referenced but does not
 exist, replaced by a fixed one


pdfTeX warning (dest): name{table.caption.193} has been referenced but does not
 exist, replaced by a fixed one


pdfTeX warning (dest): name{table.caption.189} has been referenced but does not
 exist, replaced by a fixed one


pdfTeX warning (dest): name{table.caption.76} has been referenced but does not 
exist, replaced by a fixed one


pdfTeX warning (dest): name{table.caption.74} has been referenced but does not 
exist, replaced by a fixed one


pdfTeX warning (dest): name{figure.caption.431} has been referenced but does no
t exist, replaced by a fixed one


pdfTeX warning (dest): name{figure.caption.409} has been referenced but does no
t exist, replaced by a fixed one


pdfTeX warning (dest): name{figure.caption.407} has been referenced but does no
t exist, replaced by a fixed one


pdfTeX warning (dest): name{figure.caption.404} has been referenced but does no
t exist, replaced by a fixed one


pdfTeX warning (dest): name{figure.caption.402} has been referenced but does no
t exist, replaced by a fixed one


pdfTeX warning (dest): name{figure.caption.400} has been referenced but does no
t exist, replaced by a fixed one


pdfTeX warning (dest): name{figure.caption.397} has been referenced but does no
t exist, replaced by a fixed one


pdfTeX warning (dest): name{figure.caption.395} has been referenced but does no
t exist, replaced by a fixed one


pdfTeX warning (dest): name{figure.caption.391} has been referenced but does no
t exist, replaced by a fixed one


pdfTeX warning (dest): name{figure.caption.389} has been referenced but does no
t exist, replaced by a fixed one


pdfTeX warning (dest): name{figure.caption.385} has been referenced but does no
t exist, replaced by a fixed one


pdfTeX warning (dest): name{figure.caption.378} has been referenced but does no
t exist, replaced by a fixed one


pdfTeX warning (dest): name{figure.caption.374} has been referenced but does no
t exist, replaced by a fixed one


pdfTeX warning (dest): name{figure.caption.369} has been referenced but does no
t exist, replaced by a fixed one


pdfTeX warning (dest): name{figure.caption.366} has been referenced but does no
t exist, replaced by a fixed one


pdfTeX warning (dest): name{figure.caption.346} has been referenced but does no
t exist, replaced by a fixed one


pdfTeX warning (dest): name{figure.caption.328} has been referenced but does no
t exist, replaced by a fixed one


pdfTeX warning (dest): name{figure.caption.296} has been referenced but does no
t exist, replaced by a fixed one


pdfTeX warning (dest): name{figure.caption.285} has been referenced but does no
t exist, replaced by a fixed one


pdfTeX warning (dest): name{figure.caption.283} has been referenced but does no
t exist, replaced by a fixed one


pdfTeX warning (dest): name{figure.caption.281} has been referenced but does no
t exist, replaced by a fixed one


pdfTeX warning (dest): name{figure.caption.279} has been referenced but does no
t exist, replaced by a fixed one


pdfTeX warning (dest): name{figure.caption.277} has been referenced but does no
t exist, replaced by a fixed one


pdfTeX warning (dest): name{figure.caption.272} has been referenced but does no
t exist, replaced by a fixed one


pdfTeX warning (dest): name{figure.caption.266} has been referenced but does no
t exist, replaced by a fixed one


pdfTeX warning (dest): name{figure.caption.263} has been referenced but does no
t exist, replaced by a fixed one


pdfTeX warning (dest): name{figure.caption.260} has been referenced but does no
t exist, replaced by a fixed one


pdfTeX warning (dest): name{figure.caption.255} has been referenced but does no
t exist, replaced by a fixed one


pdfTeX warning (dest): name{figure.caption.245} has been referenced but does no
t exist, replaced by a fixed one


pdfTeX warning (dest): name{figure.caption.223} has been referenced but does no
t exist, replaced by a fixed one


pdfTeX warning (dest): name{figure.caption.221} has been referenced but does no
t exist, replaced by a fixed one


pdfTeX warning (dest): name{figure.caption.218} has been referenced but does no
t exist, replaced by a fixed one


pdfTeX warning (dest): name{figure.caption.216} has been referenced but does no
t exist, replaced by a fixed one


pdfTeX warning (dest): name{figure.caption.214} has been referenced but does no
t exist, replaced by a fixed one


pdfTeX warning (dest): name{figure.caption.211} has been referenced but does no
t exist, replaced by a fixed one


pdfTeX warning (dest): name{figure.caption.209} has been referenced but does no
t exist, replaced by a fixed one


pdfTeX warning (dest): name{figure.caption.205} has been referenced but does no
t exist, replaced by a fixed one


pdfTeX warning (dest): name{figure.caption.203} has been referenced but does no
t exist, replaced by a fixed one


pdfTeX warning (dest): name{figure.caption.199} has been referenced but does no
t exist, replaced by a fixed one


pdfTeX warning (dest): name{figure.caption.192} has been referenced but does no
t exist, replaced by a fixed one


pdfTeX warning (dest): name{figure.caption.188} has been referenced but does no
t exist, replaced by a fixed one


pdfTeX warning (dest): name{figure.caption.183} has been referenced but does no
t exist, replaced by a fixed one


pdfTeX warning (dest): name{figure.caption.180} has been referenced but does no
t exist, replaced by a fixed one


pdfTeX warning (dest): name{figure.caption.164} has been referenced but does no
t exist, replaced by a fixed one


pdfTeX warning (dest): name{figure.caption.162} has been referenced but does no
t exist, replaced by a fixed one


pdfTeX warning (dest): name{figure.caption.157} has been referenced but does no
t exist, replaced by a fixed one


pdfTeX warning (dest): name{figure.caption.154} has been referenced but does no
t exist, replaced by a fixed one


pdfTeX warning (dest): name{figure.caption.152} has been referenced but does no
t exist, replaced by a fixed one


pdfTeX warning (dest): name{figure.caption.147} has been referenced but does no
t exist, replaced by a fixed one


pdfTeX warning (dest): name{figure.caption.145} has been referenced but does no
t exist, replaced by a fixed one


pdfTeX warning (dest): name{figure.caption.142} has been referenced but does no
t exist, replaced by a fixed one


pdfTeX warning (dest): name{figure.caption.140} has been referenced but does no
t exist, replaced by a fixed one


pdfTeX warning (dest): name{figure.caption.138} has been referenced but does no
t exist, replaced by a fixed one


pdfTeX warning (dest): name{figure.caption.136} has been referenced but does no
t exist, replaced by a fixed one


pdfTeX warning (dest): name{figure.caption.133} has been referenced but does no
t exist, replaced by a fixed one


pdfTeX warning (dest): name{figure.caption.126} has been referenced but does no
t exist, replaced by a fixed one


pdfTeX warning (dest): name{figure.caption.123} has been referenced but does no
t exist, replaced by a fixed one


pdfTeX warning (dest): name{figure.caption.120} has been referenced but does no
t exist, replaced by a fixed one


pdfTeX warning (dest): name{figure.caption.118} has been referenced but does no
t exist, replaced by a fixed one


pdfTeX warning (dest): name{figure.caption.116} has been referenced but does no
t exist, replaced by a fixed one


pdfTeX warning (dest): name{figure.caption.114} has been referenced but does no
t exist, replaced by a fixed one


pdfTeX warning (dest): name{figure.caption.112} has been referenced but does no
t exist, replaced by a fixed one


pdfTeX warning (dest): name{figure.caption.110} has been referenced but does no
t exist, replaced by a fixed one


pdfTeX warning (dest): name{figure.caption.108} has been referenced but does no
t exist, replaced by a fixed one


pdfTeX warning (dest): name{figure.caption.106} has been referenced but does no
t exist, replaced by a fixed one


pdfTeX warning (dest): name{figure.caption.103} has been referenced but does no
t exist, replaced by a fixed one


pdfTeX warning (dest): name{figure.caption.100} has been referenced but does no
t exist, replaced by a fixed one


pdfTeX warning (dest): name{figure.caption.98} has been referenced but does not
 exist, replaced by a fixed one


pdfTeX warning (dest): name{figure.caption.96} has been referenced but does not
 exist, replaced by a fixed one


pdfTeX warning (dest): name{figure.caption.94} has been referenced but does not
 exist, replaced by a fixed one


pdfTeX warning (dest): name{figure.caption.81} has been referenced but does not
 exist, replaced by a fixed one


pdfTeX warning (dest): name{figure.caption.79} has been referenced but does not
 exist, replaced by a fixed one


pdfTeX warning (dest): name{figure.caption.70} has been referenced but does not
 exist, replaced by a fixed one


pdfTeX warning (dest): name{figure.caption.68} has been referenced but does not
 exist, replaced by a fixed one


pdfTeX warning (dest): name{figure.caption.66} has been referenced but does not
 exist, replaced by a fixed one


pdfTeX warning (dest): name{figure.caption.64} has been referenced but does not
 exist, replaced by a fixed one


pdfTeX warning (dest): name{section*.368} has been referenced but does not exis
t, replaced by a fixed one


pdfTeX warning (dest): name{section*.348} has been referenced but does not exis
t, replaced by a fixed one


pdfTeX warning (dest): name{section*.330} has been referenced but does not exis
t, replaced by a fixed one


pdfTeX warning (dest): name{section*.292} has been referenced but does not exis
t, replaced by a fixed one


pdfTeX warning (dest): name{section*.288} has been referenced but does not exis
t, replaced by a fixed one


pdfTeX warning (dest): name{section*.284} has been referenced but does not exis
t, replaced by a fixed one


pdfTeX warning (dest): name{section*.282} has been referenced but does not exis
t, replaced by a fixed one


pdfTeX warning (dest): name{section*.280} has been referenced but does not exis
t, replaced by a fixed one


pdfTeX warning (dest): name{section*.278} has been referenced but does not exis
t, replaced by a fixed one


pdfTeX warning (dest): name{section*.273} has been referenced but does not exis
t, replaced by a fixed one


pdfTeX warning (dest): name{section*.267} has been referenced but does not exis
t, replaced by a fixed one


pdfTeX warning (dest): name{section*.264} has been referenced but does not exis
t, replaced by a fixed one


pdfTeX warning (dest): name{section*.261} has been referenced but does not exis
t, replaced by a fixed one


pdfTeX warning (dest): name{section*.257} has been referenced but does not exis
t, replaced by a fixed one


pdfTeX warning (dest): name{section*.249} has been referenced but does not exis
t, replaced by a fixed one


pdfTeX warning (dest): name{chapter*.248} has been referenced but does not exis
t, replaced by a fixed one


pdfTeX warning (dest): name{section*.182} has been referenced but does not exis
t, replaced by a fixed one


pdfTeX warning (dest): name{section*.156} has been referenced but does not exis
t, replaced by a fixed one


pdfTeX warning (dest): name{section*.125} has been referenced but does not exis
t, replaced by a fixed one


pdfTeX warning (dest): name{section*.63} has been referenced but does not exist
, replaced by a fixed one

 <C:\Users\ghofr\AppData\Local\MiKTeX\fonts/pk/ljfour/jknappen/ec/dpi600\tcrm12
00.pk><C:/Users/ghofr/AppData/Local/Programs/MiKTeX/fonts/type1/public/amsfonts
/cm/cmmi12.pfb><C:/Users/ghofr/AppData/Local/Programs/MiKTeX/fonts/type1/public
/amsfonts/cm/cmr12.pfb><C:/Users/ghofr/AppData/Local/Programs/MiKTeX/fonts/type
1/public/amsfonts/cm/cmsy10.pfb><C:/Users/ghofr/AppData/Local/Programs/MiKTeX/f
onts/type1/public/amsfonts/cm/cmsy6.pfb><C:/Users/ghofr/AppData/Local/Programs/
MiKTeX/fonts/type1/urw/courier/ucrr8a.pfb><C:/Users/ghofr/AppData/Local/Program
s/MiKTeX/fonts/type1/urw/times/utmb8a.pfb><C:/Users/ghofr/AppData/Local/Program
s/MiKTeX/fonts/type1/urw/times/utmbi8a.pfb><C:/Users/ghofr/AppData/Local/Progra
ms/MiKTeX/fonts/type1/urw/times/utmr8a.pfb><C:/Users/ghofr/AppData/Local/Progra
ms/MiKTeX/fonts/type1/urw/times/utmri8a.pfb>
Output written on main.pdf (367 pages, 29005700 bytes).
PDF statistics:
 4890 PDF objects out of 5155 (max. 8388607)
 1250 named destinations out of 1440 (max. 500000)
 4003 words of extra memory for PDF output out of 10000 (max. 10000000)

